,line,schedule,map,en-update,en-reason,es-update,es-reason,hy-update,hy-reason,zh-tw-update,zh-tw-reason,ko-update,ko-reason,ja-update,ja-reason,ru-update,ru-reason,vi-update,vi-reason
0,2,002_TT_12-10-23.pdf,,Minor changes to schedule.,Improve reliability.,Cambios menores en el horario.,Mejorar la fiabilidad.,"Minor timing changes, please check schedule.",Բարելավել հուսալիությունը:,"Minor timing changes, please check schedule.",提升可靠性。,"Minor timing changes, please check schedule.",안정성을 개선합니다.,"Minor timing changes, please check schedule.",信頼の向上に努めます。,"Minor timing changes, please check schedule.",Повысить надежность.,"Minor timing changes, please check schedule.",Cải thiện độ tin cậy.
1,4,004_TT_12-10-23.pdf,Line 4.png,Weekday schedules have been updated.,Improve reliability.,Se actualizaron los horarios entre semana.,Mejorar la fiabilidad.,Թարմացվել են աշխատանքային օրերերի ժամանակացույցերը։,Բարելավել հուսալիությունը:,平日時刻表已更新。,提升可靠性。,평일 일정이 업데이트되었습니다.,안정성을 개선합니다.,平日のスケジュールが更新されました。,信頼の向上に努めます。,Обновлены расписания на будние дни.,Повысить надежность.,Lịch trình các ngày thường trong tuần đã được cập nhật.,Cải thiện độ tin cậy.
2,10,010_TT_12-10-23.pdf,,Minor changes to schedule.,Align with ridership levels.,Cambios menores en el horario.,Adaptarse a los niveles de pasajeros,"Minor timing changes, please check schedule.",հարմարեցնել ուղևորությունների մակարդակների հետ:,"Minor timing changes, please check schedule.",配合載客量。,"Minor timing changes, please check schedule.",탑승객 수에 따른 조정 조치입니다.,"Minor timing changes, please check schedule.",利用者数に合わせるため。,"Minor timing changes, please check schedule.",скорректировать график движения в соответствии с пассажиропотоком.,"Minor timing changes, please check schedule.",Điều chỉnh cho phù hợp với lượng hành khách.
3,14,014_TT_12-10-23.pdf,,"Beverly Bl will have one weekday AM peak trip extended through Downtown
LA to Grand/Venice.",Accommodate increased ridership.,"Beverly Bl tendrá un viaje extendido en horas pico matutinas entre semana de Downtown
LA a Grand/Venice.",Satisfacer las demandas de una mayor cantidad de pasajeros,"Beverly Bl-ը կունենա աշխատանքային օրերին առավոտյան պիկ ժամերին մեկ ուղևորություն, որը երկարաձգվելու է Downtown
LA-ից մինչև Grand/Venice։",ապահովել ուղևորահոսքի ավելացում,"Beverly Bl將有一個平日上午尖峰時段的班次路線延伸穿過Downtown
LA至Grand/Venice。",因應增加的載客量。,"Beverly Bl에서 평일 오전 피크 시간대 운행편에 Downtown
LA를 거쳐 Grand/Venice까지 연장되는 운행편이 1회 증편됩니다.",탑승객 수 증가에 따른 조정 조치입니다.,"Beverly Blの平日午前ピーク時の1往復が、Downtown
LAを通ってGrand/Veniceまで延長されます。",利用者の増加に対応するため。,"Beverly Bl один рейс через Downtown
LA в Grand/Venice буде продлен в будни в утренний час пик.",обеспечить перевозку большего количества пассажиров.,"Beverly Bl sẽ có một chuyến vào giờ cao điểm buổi sáng trong các ngày thường kéo dài qua Downtown
LA tới Grand/Venice.",Đáp ứng lượng hành khách tăng cao.
4,16,016_TT_12-10-23.pdf,,Weekday schedules have been updated.,Improve reliability.,Se actualizaron los horarios entre semana.,Mejorar la fiabilidad.,Թարմացվել են աշխատանքային օրերերի ժամանակացույցերը։,Բարելավել հուսալիությունը:,平日時刻表已更新。,提升可靠性。,평일 일정이 업데이트되었습니다.,안정성을 개선합니다.,平日のスケジュールが更新されました。,信頼の向上に努めます。,Обновлены расписания на будние дни.,Повысить надежность.,Lịch trình các ngày thường trong tuần đã được cập nhật.,Cải thiện độ tin cậy.
5,18,018_TT_12-10-23.pdf,,"Weekday, Saturday, and Sunday schedules have been updated.",Improve reliability.,Se actualizaron los horarios entre semana y de los días sábados y domingos.,Mejorar la fiabilidad.,"Թարմացվել են աշխատանքային, շաբաթ և կիրակի օրերերի ժամանակացույցերը։",Բարելավել հուսալիությունը:,平日、週六和週日時刻表已更新。,提升可靠性。,"평일 및 토요일, 일요일 일정이 업데이트되었습니다.",안정성을 개선합니다.,平日、土曜日、日曜日のスケジュールが更新されました。,信頼の向上に努めます。,"Обновлены расписания на будние дни, субботы и воскресенья.",Повысить надежность.,"Lịch trình các ngày thường trong tuần, Thứ Bảy và Chủ Nhật đã được cập nhật.",Cải thiện độ tin cậy.
6,20,020_TT_12-10-23.pdf,,Minor changes to schedule.,Improve reliability.,Cambios menores en el horario.,Mejorar la fiabilidad.,"Minor timing changes, please check schedule.",Բարելավել հուսալիությունը:,"Minor timing changes, please check schedule.",提升可靠性。,"Minor timing changes, please check schedule.",안정성을 개선합니다.,"Minor timing changes, please check schedule.",信頼の向上に努めます。,"Minor timing changes, please check schedule.",Повысить надежность.,"Minor timing changes, please check schedule.",Cải thiện độ tin cậy.
7,28,028_TT_12-10-23.pdf,,"Additional trips scheduled in peak periods AM/PM extended to Century City, with one additional trip added eastbound weekday afternoons.",Accommodate increased ridership.,"Viajes adicionales programados en horas pico matutinas y vespertinas ampliados a Century City, con viajes adicionales agregados con dirección al este por la tarde, entre semana.",Satisfacer las demandas de una mayor cantidad de pasajeros,"Լրացուցիչ ուղևորությունները, որոնք նախատեսված են պիկ ժամանակահատվածներում, կեսօրից առաջ և հետո (AM/PM) երկարաձգվել են դեպի Century City, և մեկ այլ ուղևորություն դեպի արևելք է ավելացվել աշխատանքային օրվա կեսօրին:",ապահովել ուղևորահոսքի ավելացում։,預定上午/下午尖峰時段加開行駛路線延伸至Century City的班次，平日中午過後加開一班東向班次。,因應增加的載客量。,"피크 시간대의 추가 운행편은 Century City까지 연장 운행되며, 평일 오후 동부 방면으로 운행편이 1회 증편됩니다.",탑승객 수 증가에 따른 조정 조치입니다.,ピーク時（午前・午後）に運行される追加便がCentury Cityまで延長されます。,利用者の増加に対応するため。,"запланированы дополнительные рейсы в утренние и вечерние часы пик до Century City, а также добавлен еще один рейс в восточном направлении в будни по вечерам.",обеспечить перевозку большего количества пассажиров.,"Các chuyến bổ sung có lịch trình vào giờ cao điểm buổi sáng/chiều kéo dài đến Century City, trong đó có một chuyến bổ sung về phía đông vào buổi chiều các ngày thường.",Đáp ứng lượng hành khách tăng cao.
8,30,030_TT_12-10-23.pdf,,Weekday schedules have been updated.,Improve reliability.,Se actualizaron los horarios entre semana.,Mejorar la fiabilidad.,Թարմացվել են աշխատանքային օրերերի ժամանակացույցերը։,Բարելավել հուսալիությունը:,平日時刻表已更新。,提升可靠性。,평일 일정이 업데이트되었습니다.,안정성을 개선합니다.,平日のスケジュールが更新されました。,信頼の向上に努めます。,Обновлены расписания на будние дни.,Повысить надежность.,Lịch trình các ngày thường trong tuần đã được cập nhật.,Cải thiện độ tin cậy.
9,33,033_TT_12-10-23.pdf,,Additional trips scheduled eastbound after 10pm weeknights and weekends.,Accommodate increased ridership.,"Viajes adicionales programados con dirección al este después de las 10 p. m., entre semana por la noche y los fines de semana.",Satisfacer las demandas de una mayor cantidad de pasajeros,"Լրացուցիչ ուղևորությունները պլանավորվում են դեպի արևելք 22:00-ից հետո, շաբաթ և կիրակի օրերին:",ապահովել ուղևորահոսքի ավելացում։,預定平日晚上10點後及週末加開幾班東向班次。,因應增加的載客量。,평일 야간과 주말 오후 10시 이후로 동부 방면의 추가 운행편이 예정되어 있습니다.,탑승객 수 증가에 따른 조정 조치입니다.,平日夜10時以降および週末に東行き便が追加されます。,利用者の増加に対応するため。,добавлены рейсы в восточном направлении после 22:00 в будни и по выходным.,обеспечить перевозку большего количества пассажиров.,Các chuyến bổ sung được lên lịch đi về phía đông sau 10 giờ tối vào ngày thường và cuối tuần.,Đáp ứng lượng hành khách tăng cao.
10,35,035_TT_12-10-23.pdf,,Weekday and Saturday schedules have been updated.,Improve reliability.,Se actualizaron los horarios entre semana y de los sábados.,Mejorar la fiabilidad.,Թարմացվել են աշխատանքային և կիրակի օրերերի ժամանակացույցերը։,Բարելավել հուսալիությունը:,平日和週六時刻表已更新。,提升可靠性。,평일 및 토요일 일정이 업데이트되었습니다.,안정성을 개선합니다.,平日と土曜日のスケジュールが更新されました。,信頼の向上に努めます。,Обновлены расписания на будние дни и субботы.,Повысить надежность.,Lịch trình các ngày thường trong tuần và Thứ Bảy đã được cập nhật.,Cải thiện độ tin cậy.
11,37,037_TT_12-10-23.pdf,,Minor changes to schedule.,Improve reliability.,Cambios menores en el horario.,Mejorar la fiabilidad.,"Minor timing changes, please check schedule.",Բարելավել հուսալիությունը:,"Minor timing changes, please check schedule.",提升可靠性。,"Minor timing changes, please check schedule.",안정성을 개선합니다.,"Minor timing changes, please check schedule.",信頼の向上に努めます。,"Minor timing changes, please check schedule.",Повысить надежность.,"Minor timing changes, please check schedule.",Cải thiện độ tin cậy.
12,38,038_TT_12-10-23.pdf,,"Late evening service adjusted to operate every 60 minutes instead of every 30 minutes.
",Align with ridership levels.,"Servicio nocturno ajustado para operar cada 60 minutos en lugar de cada 30 minutos.
",Adaptarse a los niveles de pasajeros,"Ուշ երեկոյան սպասարկումը հարմարեցվել է գործելու 60 րոպեն մեկ՝ 30 րոպեի փոխարեն:
",հարմարեցնել ուղևորությունների մակարդակների հետ:,"夜間班次已調整，發車間隔從每60分鐘一班縮短為每30分鐘一班。
",配合載客量。,"심야 서비스 운행의 배차 간격이 30분에서 60분으로 조정되었습니다.
",탑승객 수에 따른 조정 조치입니다.,"深夜便は30分間隔から60分間隔に変更されます。
",利用者数に合わせるため。,"рейсы поздним вечером будут совершаться каждые 60 минут вместо 30.
",скорректировать график движения в соответствии с пассажиропотоком.,"Dịch vụ tối muộn được điều chỉnh để chạy với tần suất 60 phút/chuyến thay vì 30 phút.
",Điều chỉnh cho phù hợp với lượng hành khách.
13,40,040_TT_12-10-23.pdf,,Weekday and Saturday schedules have been updated.,Improve reliability.,Se actualizaron los horarios entre semana y de los sábados.,Mejorar la fiabilidad.,Թարմացվել են աշխատանքային և կիրակի օրերերի ժամանակացույցերը։,Բարելավել հուսալիությունը:,平日和週六時刻表已更新。,提升可靠性。,평일 및 토요일 일정이 업데이트되었습니다.,안정성을 개선합니다.,平日と土曜日のスケジュールが更新されました。,信頼の向上に努めます。,Обновлены расписания на будние дни и субботы.,Повысить надежность.,Lịch trình các ngày thường trong tuần và Thứ Bảy đã được cập nhật.,Cải thiện độ tin cậy.
14,45,045_TT_12-10-23.pdf,,"One additional AM peak trip added northbound and one additional PM peak trip added
southbound weekdays.",Accommodate increased ridership.,"Se agregó un viaje adicional en horario pico matutino con dirección al norte y un viaje en horario pico vespertino hacia el
sur entre semana.",Satisfacer las demandas de una mayor cantidad de pasajeros,"Առավոտյան պիկ ժամերին մեկ լրացուցիչ ուղևորություն ավելացվել է դեպի հյուսիս, և ևս մեկ աշխատանքային օրվա պիկ ժամերին ուղևորություն ավելացվել է երեկոյան 
դեպի հարավ:",ապահովել ուղևորահոսքի ավելացում։,平日上午尖峰時段加開一班北向班次，下午尖峰時段加開一班南向班次。,因應增加的載客量。,"평일애 북부 방면으로 오전 피크 시간대 운행편 1회, 남부 방면으로 오후 피크 시간대
운행편 1회가 증편되었습니다.",탑승객 수 증가에 따른 조정 조치입니다.,平日の午前ピーク時に北行きが1便、午後ピーク時に南行きが1便追加されます。,利用者の増加に対応するため。,"добавлен один дополнительный рейс в утренние часы пик в северном направлении и один дополнительный рейс в вечерние часы пик
в южном направлении по будням.",обеспечить перевозку большего количества пассажиров.,"Thêm một chuyến vào giờ cao điểm buổi sáng đi về phía bắc và thêm một chuyến vào giờ cao điểm buổi chiều đi
về phía nam trong các ngày thường.",Đáp ứng lượng hành khách tăng cao.
15,48,048_TT_12-10-23.pdf,,One weekday PM trip extended to C Line Avalon Station.,Accommodate increased ridership.,Un viaje por la tarde entre semana ampliado a la estación Avalon de la C Line.,Satisfacer las demandas de una mayor cantidad de pasajeros,Մեկ աշխատանքային օրվա կեսօրվա ուղևորությունը երկարացվել է դեպի C Line Avalon Station:,ապահովել ուղևորահոսքի ավելացում։,平日中午過後有一個班次路線延伸至C Line Avalon Station。,因應增加的載客量。,평일 오후에 C Line Avalon Station으로 운행편 1회가 연장됩니다.,탑승객 수 증가에 따른 조정 조치입니다.,平日午後1便がC Line Avalon Stationまで延長されます。,利用者の増加に対応するため。,один рейс по вечерам в будни продлен до станции C Line Avalon.,обеспечить перевозку большего количества пассажиров.,Một chuyến đi vào buổi chiều các ngày thường kéo dài tới C Line Avalon Station.,Đáp ứng lượng hành khách tăng cao.
16,51,051_TT_12-10-23.pdf,,51 (Avalon Bl) CSU Dominguez Hils to Westlake/MacArthur Park Station – New stop added on Central Av south of Victoria St in Carson on northbound trips.,More convenient local access.,Nueva parada en Central Av South de Victoria St en Carson en los viajes hacia el norte.,Brindar un acceso local más conveniente,Նոր կանգառ է ավելացվել  Central Av-ում՝ Victoria St-ից հարավ՝ Carson-ում՝ հյուսիսային ճանապարհորդությունների ժամանակ:,ավելի հարմար տեղաշարժ:,北向車趟在Carson的Victoria St以南增設新的Central Av停靠站。,提高當地交通運輸的便捷性。,Carson에서 Victoria St 남부의 Central Av에 신규 정류장이 추가되었습니다.,현지에서 더욱 편리하게 이용할 수 있도록 취한 조치입니다.,北行き便のCarsonのVictoria Stの南、Central Avに新しい停留所が追加されます。,ローカルアクセスの利便性向上。,добавлена новая остановка на Central Av к югу от Victoria St в Carson в северном направлении.,обеспечить более удобный подъезд.,Thêm điểm dừng mới trên Central Av phía nam Victoria St tại Carson trong các chuyến về phía bắc.,Tiếp cận khu vực địa phương thuận tiện hơn.
17,53,053_TT_12-10-23.pdf,Line 53.png,"Will no longer utilize the I-105 freeway in the Willowbrook area and will instead utilize Imperial Hwy, Compton Av, and 120th St while traveling to/ from Willowbrook/Rosa Parks Station. Bus stops will be relocated from Central Av/120th St to Central Av south of 120th St in both directions.",Improve reliability.,"Ya no se utilizará la autopista I-105 en el área de Willowbrook; en su lugar, se utilizará Imperial Hwy, Compton Av, y 120th St cuando se viaje desde y hacia la estación Willowbrook/Rosa Parks. Las paradas de autobuses se reubicarán de Central Av/120th St a Central Av al sur de 120th St en ambas direcciones.",Mejorar la confiabilidad,"Այլևս չի օգտագործի I-105 մայրուղին Willowbrook տարածքում, իսկ փոխարենը կօգտագործի Imperial Hwy, Compton Av և 120th St՝ դեպի, ինչպես նաև Willowbrook/Rosa Parks Station-ից: Ավտոբուսի կանգառները Central Av/120th St-ից կտեղափոխվեն Central Av՝ 120th St-ից հարավ՝ երկու ուղղություններով:",բարելավել հուսալիությունը:,將不再使用Willowbrook區域的I-105高速公路，往返Willowbrook/Rosa Parks Station會改用Imperial Hwy、Compton Av以及120th St。公車雙向停靠站將從原本的Central Av/120th St搬遷至120th St以南的Central Av。,提升可靠性。,"Willowbrook 지역에서 더 이상 I-105 고속도로를 이용하지 못하며, 대신 Imperial Hwy, Compton Av 및 120th St를 이용해 Willowbrook/Rosa Parks Station 을 오가게 됩니다. Central Av/120th St에서 120th St 의 Central Av 남부까지 양쪽 방면의 버스 정류장 위치가 조정됩니다. ",안정성을 개선하기 위한 조치입니다.,Willowbrook/Rosa Parks Stationを発着する際、WillowbrookエリアではI-105フリーウェイではなく、Imperial Hwy、Compton Av、120th Stを利用するようになります。バス停留所は、両方面でCentral Av/120th Stから120th Stの南、Central Avに移設されます。,安定性の向上。,"Маршрут 53 (Central Ave) от CSU Dominguez Hills до Downtown LA больше не будет проходить по автомагистрали I-105 в районе Willowbrook; вместо этого движение на участке от станции Willowbrook/Rosa Parks и обратно будет осуществляться по Imperial Hwy, Compton Av и 120th St. Автобусные остановки в обоих направлениях будут перенесены с перекрестка Central Av/120th St на Central Av к югу от 120th St.",повысить стабильность курсирования транспорта.,"Sẽ không còn chạy theo tuyến đường cao tốc I-105 trong khu vực Willowbrook nữa và thay vào đó sẽ chạy theo tuyến Imperial Hwy, Compton Av và 120th St khi đi đến/từ Willowbrook/Rosa Parks Station. Các điểm dừng xe buýt sẽ được di dời từ Central Av/120th St đến Central Av phía nam 120th St theo cả hai chiều.",Cải thiện độ tin cậy.
18,55,055_TT_12-10-23.pdf,,One additional AM peak trip northbound weekdays.,Accommodate increased ridership.,Un viaje adicional en horario pico matutino con dirección al norte entre semana.,Satisfacer las demandas de una mayor cantidad de pasajeros,Մեկ այլ աշխատանքային օրվա պիկ ժամային երթուղի մինչև կեսօր դեպի հյուսիս:,ապահովել ուղևորահոսքի ավելացում։,平日上午尖峰時段加開一班北向班次。,因應增加的載客量。,평일 북부 방면 오전 피크 시간대 운행편이 1회 증편됩니다.,탑승객 수 증가에 따른 조정 조치입니다.,平日の午前ピーク時の北行き便が1便追加されます。,利用者の増加に対応するため。,добавлен один рейс в утренние часы пик в северном направлении. ,обеспечить перевозку большего количества пассажиров.,Thêm một chuyến về phía bắc vào giờ cao điểm buổi sáng các ngày thường.,Đáp ứng lượng hành khách tăng cao.
19,60,060_TT_12-10-23.pdf,,Minor changes to schedule.,Align with ridership levels.,Cambios menores en el horario.,Adaptarse a los niveles de pasajeros,"Minor timing changes, please check schedule.",հարմարեցնել ուղևորությունների մակարդակների հետ:,"Minor timing changes, please check schedule.",配合載客量。,"Minor timing changes, please check schedule.",탑승객 수에 따른 조정 조치입니다.,"Minor timing changes, please check schedule.",利用者数に合わせるため。,"Minor timing changes, please check schedule.",скорректировать график движения в соответствии с пассажиропотоком.,"Minor timing changes, please check schedule.",Điều chỉnh cho phù hợp với lượng hành khách.
20,62,062_TT_12-10-23.pdf,,Minor changes to schedule.,Improve reliability.,Cambios menores en el horario.,Mejorar la fiabilidad.,"Minor timing changes, please check schedule.",Բարելավել հուսալիությունը:,"Minor timing changes, please check schedule.",提升可靠性。,"Minor timing changes, please check schedule.",안정성을 개선합니다.,"Minor timing changes, please check schedule.",信頼の向上に努めます。,"Minor timing changes, please check schedule.",Повысить надежность.,"Minor timing changes, please check schedule.",Cải thiện độ tin cậy.
21,66,,,One new stop added for westbound trips on Whittier Bl at Gerhart St for trips originating from Commerce Center.,More convenient access to the Commerce Center.,Una nueva parada para los viajes al oeste en Whittier Bl en Gerhart St para viajes desde Commerce Center.,Brindar un acceso más conveniente al Commerce Center,Մեկ նոր կանգառ ավելացվեց դեպի արևմուտք ուղևորությունների համար Gerhart St-ի Whittier Blvd-ում՝ Commerce Center-ից եկող ուղևորությունների համար:,ավելի հարմար հասնելու համար Commerce Center:,西向班次在Gerhart St的Whittier Bl增設一個新的停靠站，從Commerce Center發車的班次會停靠此站。,前往Commerce Center更加便利。,Commerce Center에서 출발하는 운행편의 경우 Gerhart St의 Whittier Bl에서 서부 방면으로 향하는 운행편에 신규 정류장 하나가 추가되었습니다.,Commerce Center를 손쉽게 이용할 수 있도록 취한 조치입니다.,Commerce Centerを出発する西行き便の、Gerhart StのWhittier Blに停留所が1つ追加されます。,Commerce Centerへのアクセス向上。,"добавлена одна новая остановка для рейсов в восточном направлении по Whittier Bl на Gerhart St для рейсов, движущихся от Commerce Center.",обеспечить более удобный доступ к Commerce Center.,Đã thêm một điểm dừng mới cho các chuyến về phía tây trên Whittier Bl tại Gerhart St cho các chuyến xuất phát từ Commerce Center.,Đến Commerce Center thuận tiện hơn.
22,70,070_TT_12-10-23.pdf,,Minor changes to schedule.,Align with ridership levels.,Cambios menores en el horario.,Adaptarse a los niveles de pasajeros,"Minor timing changes, please check schedule.",հարմարեցնել ուղևորությունների մակարդակների հետ:,"Minor timing changes, please check schedule.",配合載客量。,"Minor timing changes, please check schedule.",탑승객 수에 따른 조정 조치입니다.,"Minor timing changes, please check schedule.",利用者数に合わせるため。,"Minor timing changes, please check schedule.",скорректировать график движения в соответствии с пассажиропотоком.,"Minor timing changes, please check schedule.",Điều chỉnh cho phù hợp với lượng hành khách.
23,81,081_TT_12-10-23.pdf,,Minor changes to schedule.,Improve reliability.,Cambios menores en el horario.,Mejorar la fiabilidad.,"Minor timing changes, please check schedule.",Բարելավել հուսալիությունը:,"Minor timing changes, please check schedule.",提升可靠性。,"Minor timing changes, please check schedule.",안정성을 개선합니다.,"Minor timing changes, please check schedule.",信頼の向上に努めます。,"Minor timing changes, please check schedule.",Повысить надежность.,"Minor timing changes, please check schedule.",Cải thiện độ tin cậy.
24,90,090_TT_12-10-23.pdf,Line 90.png,"Altered to terminate at the new Historic Broadway A & E Line light rail station in Downtown LA, on Broadway northbound between 2nd and 3rd St.",More convenient connections to rail and better access to Downtown LA.,"Se modificó para que la ruta termine en la nueva estación de tren ligero Historic Broadway de la A Line y la E Line  en Downtown LA, sobre Broadway hacia el norte entre 2nd y 3rd St.",Ofrecer conexiones más convenientes al tren y un mejor acceso al centro de LA,"Փոփոխվել է՝ ավարտվելով նոր պատմական Broadway A և E Line թեթև երկաթուղային կայարանում՝ Downtown LA,-ում, Broadway-ում դեպի հյուսիս՝ 2nd և 3rd St.։",ավելի հարմար միացումներ դեպի երկաթուղի և ավելի լավ մուտք դեպի Downtown LA:, 終點站調整為新設的Historic Broadway A Line及E Line輕軌車站，位於Downtown LA的Broadway北向2nd St和3rd St之間。,往返列車車站連接路線更便利，前往Downtown LA也更便捷。,종착지가 2번가와 3번가 사이의 Broadway 북부 방면에 있는 Downtown LA 신규 Historic Broadway A & E Line 경전철 역으로 변경되었습니다.,철도 연결성의 편의를 증진하고 Downtown LA로의 접근성을 개선하기 위한 조치입니다.,Downtown LAのBroadway北行き2nd Stと3rd Stの間にあるライトレール、Historic Broadway A LineおよびE Lineの新駅が終点となります。,鉄道への接続改善、Downtown LAへのアクセスが向上。,"новая конечная остановка на станции наземного метро Historic Broadway A и E Line в Downtown LA, в северном направлении по Broadway между 2nd и 3rd St.",обеспечить более удобную пересадку на поезда и более удобный доступ к Downtown LA.,"Đã thay đổi để kết thúc tại ga đường sắt hạng nhẹ Historic Broadway A & E Line mới ở Downtown LA, trên đường Broadway về phía bắc giữa 2nd và 3rd St.",Kết nối thuận tiện hơn với đường sắt và đến Downtown LA dễ dàng hơn.
25,94,094_TT_12-10-23.pdf,,Minor changes to schedule.,Improve reliability.,Cambios menores en el horario.,Mejorar la fiabilidad.,"Minor timing changes, please check schedule.",Բարելավել հուսալիությունը:,"Minor timing changes, please check schedule.",提升可靠性。,"Minor timing changes, please check schedule.",안정성을 개선합니다.,"Minor timing changes, please check schedule.",信頼の向上に努めます。,"Minor timing changes, please check schedule.",Повысить надежность.,"Minor timing changes, please check schedule.",Cải thiện độ tin cậy.
26,102,102_TT_12-10-23.pdf,,"Weekday, Saturday, and Sunday schedules have been updated.",Improve reliability.,Se actualizaron los horarios entre semana y de los días sábados y domingos.,Mejorar la fiabilidad.,"Թարմացվել են աշխատանքային, շաբաթ և կիրակի օրերերի ժամանակացույցերը։",Բարելավել հուսալիությունը:,平日、週六和週日時刻表已更新。,提升可靠性。,"평일 및 토요일, 일요일 일정이 업데이트되었습니다.",안정성을 개선합니다.,平日、土曜日、日曜日のスケジュールが更新されました。,信頼の向上に努めます。,"Обновлены расписания на будние дни, субботы и воскресенья.",Повысить надежность.,"Lịch trình các ngày thường trong tuần, Thứ Bảy và Chủ Nhật đã được cập nhật.",Cải thiện độ tin cậy.
27,105,105_TT_12-10-23.pdf,,Saturday schedules have been updated.,Improve reliability.,Se actualizaron los horarios de los sábados.,Mejorar la fiabilidad.,Թարմացվել են շաբաթ օրերի ժամանակացույցերը։,Բարելավել հուսալիությունը:,週六時刻表已更新。,提升可靠性。,토요일 일정이 업데이트되었습니다.,안정성을 개선합니다.,土曜日のスケジュールが更新されました。,信頼の向上に努めます。,Обновлено расписание на субботу.,Повысить надежность.,Lịch trình Thứ Bảy đã được cập nhật.,Cải thiện độ tin cậy.
28,106,106_TT_12-10-23.pdf,,Weekday schedules have been updated.,Improve reliability.,Se actualizaron los horarios entre semana.,Mejorar la fiabilidad.,Թարմացվել են աշխատանքային օրերերի ժամանակացույցերը։,Բարելավել հուսալիությունը:,平日時刻表已更新。,提升可靠性。,평일 일정이 업데이트되었습니다.,안정성을 개선합니다.,平日のスケジュールが更新されました。,信頼の向上に努めます。,Обновлены расписания на будние дни.,Повысить надежность.,Lịch trình các ngày thường trong tuần đã được cập nhật.,Cải thiện độ tin cậy.
29,108,108_TT_12-10-23.pdf,,Extended to Rosemead Bl in Pico Rivera to connect with Line 266. Selected Line 108 trips that currently start or end at Bell or Cudahy will be extended from Slauson Av via Eastern Av to Washington Bl at City of Commerce.,Improve local access and better connections to other bus lines.,Se amplió a Rosemead Bl en Pico Rivera para conectarse con Line 266. Los viajes seleccionados de Line 108 que actualmente comienzan o terminan en Bell o Cudahy se ampliarán desde Slauson Av por Eastern Av a Washington Bl en City of Commerce.,Mejorar el acceso local y las conexiones con otras líneas de autobuses,"Ընդլայնված է Rosemead Bl-ում Pico Rivera-ում՝ Line 266-ի հետ կապվելու համար: Ընտրված Line 108-ի ուղևորությունները, որոնք ներկայումս սկսվում կամ ավարտվում են Bell-ում կամ Cudahy-ում, ընդլայնվելու են Slauson Av-ից Eastern Av-ով մինչև Washington Bl՝ City of Commerce-ում:",բարելավել տեղաշարժը և ավելի լավ կապեր այլ ավտոբուսային գծերի հետ:,延伸至Pico Rivera的Rosemead Bl，以便與Line 266連接。某些目前起訖站在Bell或Cudahy的Line 108班次將從Slauson Av經由Eastern Av延伸至City of Commerce的Washington Bl。,提高當地交通便利，與其他公車路線的連接路線也會更加順暢。,Line 266과 연결하기 위해 Pico Rivera의 Rosemead Bl까지 연장됩니다. 현재 Bell이나 Cudahy에서 출발하거나 종료되는 Line 108의 일부 운행편이 Slauson Av에서 Eastern Av를 경유하여 City of Commerce의 Washington Bl까지 연장됩니다.,현지의 접근성을 개선하고 다른 버스 노선과의 연결성을 도모하기 위한 조치입니다.,Pico RiveraのRosemead Blまで延長され、Line 266と接続されます。現在BellまたはCudahyを始点または終点とするLine 108の一部便は、Slauson AvからEastern Avを経由し、Washington BlのCity of Commerceまで延長されます。,ローカルアクセスの向上と他のバス路線への接続改善。,"Маршрут 108 (Slauson Av) от Marina Del Rey до Pico Rivera продлен до Rosemead Bl в Pico Rivera для пересадки на Line 266. Отдельные рейсы Line 108, которые в данный момент начинаются или заканчиваются в Bell или Cudahy, будут продлены от Slauson Av через Eastern Av до Washington Bl в City of Commerce.",оптимизировать доступ и пересадки на другие автобусные маршруты.,Kéo dài đến Rosemead Bl ở Pico Rivera để kết nối với Line 266. Các chuyến Line 108 được chọn hiện bắt đầu hoặc kết thúc tại Bell hoặc Cudahy sẽ được kéo dài từ Slauson Av qua Eastern Av tới Washington Bl tại City of Commerce.,Cải thiện khả năng tiếp cận khu vực địa phương và kết nối hiệu quả hơn với các tuyến xe buýt khác.
30,110,110_TT_12-10-23.pdf,,"Weekday, Saturday, and Sunday schedules have been updated.",Improve reliability.,Se actualizaron los horarios entre semana y de los días sábados y domingos.,Mejorar la fiabilidad.,"Թարմացվել են աշխատանքային, շաբաթ և կիրակի օրերերի ժամանակացույցերը։",Բարելավել հուսալիությունը:,平日、週六和週日時刻表已更新。,提升可靠性。,"평일 및 토요일, 일요일 일정이 업데이트되었습니다.",안정성을 개선합니다.,平日、土曜日、日曜日のスケジュールが更新されました。,信頼の向上に努めます。,"Обновлены расписания на будние дни, субботы и воскресенья.",Повысить надежность.,"Lịch trình các ngày thường trong tuần, Thứ Bảy và Chủ Nhật đã được cập nhật.",Cải thiện độ tin cậy.
31,111,111_TT_12-10-23.pdf,,"Weekday, Saturday, and Sunday schedules have been updated.",Improve reliability.,Se actualizaron los horarios entre semana y de los días sábados y domingos.,Mejorar la fiabilidad.,"Թարմացվել են աշխատանքային, շաբաթ և կիրակի օրերերի ժամանակացույցերը։",Բարելավել հուսալիությունը:,平日、週六和週日時刻表已更新。,提升可靠性。,"평일 및 토요일, 일요일 일정이 업데이트되었습니다.",안정성을 개선합니다.,平日、土曜日、日曜日のスケジュールが更新されました。,信頼の向上に努めます。,"Обновлены расписания на будние дни, субботы и воскресенья.",Повысить надежность.,"Lịch trình các ngày thường trong tuần, Thứ Bảy và Chủ Nhật đã được cập nhật.",Cải thiện độ tin cậy.
32,117,117_TT_12-10-23.pdf,,"Weekday, Saturday, and Sunday schedules have been updated.",Improve reliability.,Se actualizaron los horarios entre semana y de los días sábados y domingos.,Mejorar la fiabilidad.,"Թարմացվել են աշխատանքային, շաբաթ և կիրակի օրերերի ժամանակացույցերը։",Բարելավել հուսալիությունը:,平日、週六和週日時刻表已更新。,提升可靠性。,"평일 및 토요일, 일요일 일정이 업데이트되었습니다.",안정성을 개선합니다.,平日、土曜日、日曜日のスケジュールが更新されました。,信頼の向上に努めます。,"Обновлены расписания на будние дни, субботы и воскресенья.",Повысить надежность.,"Lịch trình các ngày thường trong tuần, Thứ Bảy và Chủ Nhật đã được cập nhật.",Cải thiện độ tin cậy.
33,134,134_TT_12-10-23.pdf,,Weekday schedules have been updated.,Improve reliability.,Se actualizaron los horarios entre semana.,Mejorar la fiabilidad.,Թարմացվել են աշխատանքային օրերերի ժամանակացույցերը։,Բարելավել հուսալիությունը:,平日時刻表已更新。,提升可靠性。,평일 일정이 업데이트되었습니다.,안정성을 개선합니다.,平日のスケジュールが更新されました。,信頼の向上に努めます。,Обновлены расписания на будние дни.,Повысить надежность.,Lịch trình các ngày thường trong tuần đã được cập nhật.,Cải thiện độ tin cậy.
34,150,150_TT_12-10-23.pdf,,Minor changes to schedule.,Align with ridership levels.,Cambios menores en el horario.,Adaptarse a los niveles de pasajeros,"Minor timing changes, please check schedule.",հարմարեցնել ուղևորությունների մակարդակների հետ:,"Minor timing changes, please check schedule.",配合載客量。,"Minor timing changes, please check schedule.",탑승객 수에 따른 조정 조치입니다.,"Minor timing changes, please check schedule.",利用者数に合わせるため。,"Minor timing changes, please check schedule.",скорректировать график движения в соответствии с пассажиропотоком.,"Minor timing changes, please check schedule.",Điều chỉnh cho phù hợp với lượng hành khách.
35,152,152_TT_12-10-23.pdf,Line 152.png,"Eastbound service will now travel via Roscoe Bl, Tuxford St, and turn right on Lankershim Bl to North Hollywood Station.",Simplify route.,"El servicio hacia el este ahora viajará por Roscoe Bl, Tuxford St, y girará a la derecha en Lankershim Bl hacia la estación North Hollywood.",Simplificar la ruta,"Արևելյան ճանապարհը այժմ կուղևորվի Roscoe Blvd-ով, Tuxford St-ով և թեքվելու է աջ Lankershim Blvd-ով դեպի North Hollywood Station:",պարզեցնել երթուղին:,現在東向行駛將經由Roscoe Bl、Tuxford St在Lankershim Bl右轉，前往North Hollywood Station。,簡化路線。,"동부 방면 서비스는 이제 Roscoe Bl, Tuxford St를 경유하여 운행되며 Lankershim Bl에서 오른쪽으로 돌아 North Hollywood Station으로 운행합니다.",노선을 간소화하기 위한 조치입니다.,東行きはRoscoe Bl、Tuxford Stを経由し、Lankershim Blを右折してNorth Hollywood Stationに向かいます。,ルートの簡素化。,"транспорт в восточном направлении теперь будет двигаться через Roscoe Bl, Tuxford St и поворачивать направо на Lankershim Bl к станции North Hollywood.",упростить маршрут.,"Chuyến về phía đông sẽ đi qua Roscoe Bl, Tuxford St và rẽ phải tại Lankershim Bl đến North Hollywood Station.",Đơn giản hóa tuyến đường.
36,154,154_TT_12-10-23.pdf,,"Weekday, Saturday, and Sunday schedules have been updated.",Improve reliability.,Se actualizaron los horarios entre semana y de los días sábados y domingos.,Mejorar la fiabilidad.,"Թարմացվել են աշխատանքային, շաբաթ և կիրակի օրերերի ժամանակացույցերը։",Բարելավել հուսալիությունը:,平日、週六和週日時刻表已更新。,提升可靠性。,"평일 및 토요일, 일요일 일정이 업데이트되었습니다.",안정성을 개선합니다.,平日、土曜日、日曜日のスケジュールが更新されました。,信頼の向上に努めます。,"Обновлены расписания на будние дни, субботы и воскресенья.",Повысить надежность.,"Lịch trình các ngày thường trong tuần, Thứ Bảy và Chủ Nhật đã được cập nhật.",Cải thiện độ tin cậy.
37,155,155_TT_12-10-23.pdf,,Saturday and Sunday schedules have been updated.,Improve reliability.,Se actualizaron los horarios de los sábados y domingos.,Mejorar la fiabilidad.,Թարմացվել են շաբաթ և կիրակի օրերի ժամանակացույցերը։,Բարելավել հուսալիությունը:,週六和週日時刻表已更新。,提升可靠性。,토요일 및 일요일 일정이 업데이트되었습니다.,안정성을 개선합니다.,土曜日と日曜日のスケジュールが更新されました。,信頼の向上に努めます。,Обновлены расписания на субботу и воскресенье.,Повысить надежность.,Lịch trình Thứ Bảy và Chủ Nhật đã được cập nhật.,Cải thiện độ tin cậy.
38,158,158_TT_12-10-23.pdf,,"Weekday, Saturday, and Sunday schedules have been updated.",Improve reliability.,Se actualizaron los horarios entre semana y de los días sábados y domingos.,Mejorar la fiabilidad.,"Թարմացվել են աշխատանքային, շաբաթ և կիրակի օրերերի ժամանակացույցերը։",Բարելավել հուսալիությունը:,平日、週六和週日時刻表已更新。,提升可靠性。,"평일 및 토요일, 일요일 일정이 업데이트되었습니다.",안정성을 개선합니다.,平日、土曜日、日曜日のスケジュールが更新されました。,信頼の向上に努めます。,"Обновлены расписания на будние дни, субботы и воскресенья.",Повысить надежность.,"Lịch trình các ngày thường trong tuần, Thứ Bảy và Chủ Nhật đã được cập nhật.",Cải thiện độ tin cậy.
39,161,161_TT_12-10-23.pdf,,Minor changes to schedule.,Improve reliability.,Cambios menores en el horario.,Mejorar la fiabilidad.,"Minor timing changes, please check schedule.",Բարելավել հուսալիությունը:,"Minor timing changes, please check schedule.",提升可靠性。,"Minor timing changes, please check schedule.",안정성을 개선합니다.,"Minor timing changes, please check schedule.",信頼の向上に努めます。,"Minor timing changes, please check schedule.",Повысить надежность.,"Minor timing changes, please check schedule.",Cải thiện độ tin cậy.
40,162,162_TT_12-10-23.pdf,,Minor changes to schedule.,Improve reliability.,Cambios menores en el horario.,Mejorar la fiabilidad.,"Minor timing changes, please check schedule.",Բարելավել հուսալիությունը:,"Minor timing changes, please check schedule.",提升可靠性。,"Minor timing changes, please check schedule.",안정성을 개선합니다.,"Minor timing changes, please check schedule.",信頼の向上に努めます。,"Minor timing changes, please check schedule.",Повысить надежность.,"Minor timing changes, please check schedule.",Cải thiện độ tin cậy.
41,165,165_TT_12-10-23.pdf,,Minor changes to schedule.,Improve reliability.,Cambios menores en el horario.,Mejorar la fiabilidad.,"Minor timing changes, please check schedule.",Բարելավել հուսալիությունը:,"Minor timing changes, please check schedule.",提升可靠性。,"Minor timing changes, please check schedule.",안정성을 개선합니다.,"Minor timing changes, please check schedule.",信頼の向上に努めます。,"Minor timing changes, please check schedule.",Повысить надежность.,"Minor timing changes, please check schedule.",Cải thiện độ tin cậy.
42,167,167_TT_12-10-23.pdf,Line 167.png,"Late-night trips weekdays
and weekends after 8pm will not enter the Sepulveda VA Medical Center.",Low ridership levels.,"Los viajes nocturnos a altas horas de la noche entre semana
y los fines de semana después de las 8 p. m. no entrarán a Sepulveda VA Medical Center.",Bajos niveles de pasajeros,"ուշ գիշերային ուղևորությունները աշխատանքային օրերին
և հանգստյան օրերին երեկոյան ժամը 8-ից հետո չեն մտնի Sepulveda VA Medical Center։",ուղևորությունների ցածր մակարդակներ։,平日午夜班次和週末晚上8點過後不停靠Sepulveda VA Medical Center。,載客量偏低。,8시 이후의 주중 및 주말 야간 운행편은 Sepulveda VA Medical Center에 정차하지 않습니다.,탑승객 수가 적습니다.,平日および週末の午後8時以降の深夜便は、Sepulveda VA Medical Centerには乗り入れません。,利用者数が少ないため。,"поздние вечерние рейсы по будням
и выходным после 20:00 не будут заезжать на Sepulveda VA Medical Center.",скорректировать маршрут из-за низкого пассажиропотока.,"Các chuyến tối muộn vào ngày thường
và ngày cuối tuần sau 8 giờ tối sẽ không đi vào Sepulveda VA Medical Center.",Lượng hành khách thấp.
43,169,169_TT_12-10-23.pdf,,Minor changes to schedule.,Improve reliability.,Cambios menores en el horario.,Mejorar la fiabilidad.,"Minor timing changes, please check schedule.",Բարելավել հուսալիությունը:,"Minor timing changes, please check schedule.",提升可靠性。,"Minor timing changes, please check schedule.",안정성을 개선합니다.,"Minor timing changes, please check schedule.",信頼の向上に努めます。,"Minor timing changes, please check schedule.",Повысить надежность.,"Minor timing changes, please check schedule.",Cải thiện độ tin cậy.
44,177,177_TT_12-10-23.pdf,,Minor changes to schedule.,Improve reliability.,Cambios menores en el horario.,Mejorar la fiabilidad.,"Minor timing changes, please check schedule.",Բարելավել հուսալիությունը:,"Minor timing changes, please check schedule.",提升可靠性。,"Minor timing changes, please check schedule.",안정성을 개선합니다.,"Minor timing changes, please check schedule.",信頼の向上に努めます。,"Minor timing changes, please check schedule.",Повысить надежность.,"Minor timing changes, please check schedule.",Cải thiện độ tin cậy.
45,179,179_TT_12-10-23.pdf,,"Weekday, Saturday, and Sunday schedules have been updated.",Improve reliability.,Se actualizaron los horarios entre semana y de los días sábados y domingos.,Mejorar la fiabilidad.,"Թարմացվել են աշխատանքային, շաբաթ և կիրակի օրերերի ժամանակացույցերը։",Բարելավել հուսալիությունը:,平日、週六和週日時刻表已更新。,提升可靠性。,"평일 및 토요일, 일요일 일정이 업데이트되었습니다.",안정성을 개선합니다.,平日、土曜日、日曜日のスケジュールが更新されました。,信頼の向上に努めます。,"Обновлены расписания на будние дни, субботы и воскресенья.",Повысить надежность.,"Lịch trình các ngày thường trong tuần, Thứ Bảy và Chủ Nhật đã được cập nhật.",Cải thiện độ tin cậy.
46,180,180_TT_12-10-23.pdf,Line 180.png,Will be rerouted back to Central Av from Brand Bl in downtown Glendale.,Improve rider access to key destinations.,Se desviará de vuelta a Central Av desde Brand Bl en el centro de Glendale.,Mejorar el acceso de los pasajeros a destinos clave,Glendale կենտրոնում գտնվող Brand Bl-ից կվերադառնան Central Av:,բարելավել ողևորների մուտքը հիմնական ուղղություններ:,將不會從Glendale市中心的Brand Bl繞回Central Av。,提高乘客前往重要目的地的便利性。,Downtown Glendale의 Brand Bl에서 Central Av로 경로가 다시 변경됩니다.,탑승객을 위해 핵심 목적지의 접근성을 개선하기 위한 조치입니다.,GlendaleのダウンタウンにあるBrand BlからCentral Avに迂回します。,主要目的地への利用者アクセスの改善。,Маршрут 180 от Hollywood до Pasadena будет перенаправлен обратно на Central Av с Brand Bl в центре Glendale.,улучшить доступ пассажиров к основным пунктам назначения.,Sẽ sửa lại tuyến đường trở lại Central Av từ Brand Bl tại trung tâm thành phố Glendale.,Cải thiện khả năng tiếp cận các điểm đến quan trọng cho hành khách.
47,182,182_TT_12-10-23.pdf,,Weekday schedules have been updated.,Improve reliability.,Se actualizaron los horarios entre semana.,Mejorar la fiabilidad.,Թարմացվել են աշխատանքային օրերերի ժամանակացույցերը։,Բարելավել հուսալիությունը:,平日時刻表已更新。,提升可靠性。,평일 일정이 업데이트되었습니다.,안정성을 개선합니다.,平日のスケジュールが更新されました。,信頼の向上に努めます。,Обновлены расписания на будние дни.,Повысить надежность.,Lịch trình các ngày thường trong tuần đã được cập nhật.,Cải thiện độ tin cậy.
48,204,204_TT_12-10-23.pdf,,Minor changes to schedule.,Align with ridership levels.,Cambios menores en el horario.,Adaptarse a los niveles de pasajeros,"Minor timing changes, please check schedule.",հարմարեցնել ուղևորությունների մակարդակների հետ:,"Minor timing changes, please check schedule.",配合載客量。,"Minor timing changes, please check schedule.",탑승객 수에 따른 조정 조치입니다.,"Minor timing changes, please check schedule.",利用者数に合わせるため。,"Minor timing changes, please check schedule.",скорректировать график движения в соответствии с пассажиропотоком.,"Minor timing changes, please check schedule.",Điều chỉnh cho phù hợp với lượng hành khách.
49,205,205_TT_12-10-23.pdf,,"Weekday, Saturday, and Sunday schedules have been updated.",Improve reliability.,Se actualizaron los horarios entre semana y de los días sábados y domingos.,Mejorar la fiabilidad.,"Թարմացվել են աշխատանքային, շաբաթ և կիրակի օրերերի ժամանակացույցերը։",Բարելավել հուսալիությունը:,平日、週六和週日時刻表已更新。,提升可靠性。,"평일 및 토요일, 일요일 일정이 업데이트되었습니다.",안정성을 개선합니다.,平日、土曜日、日曜日のスケジュールが更新されました。,信頼の向上に努めます。,"Обновлены расписания на будние дни, субботы и воскресенья.",Повысить надежность.,"Lịch trình các ngày thường trong tuần, Thứ Bảy và Chủ Nhật đã được cập nhật.",Cải thiện độ tin cậy.
50,206,206_TT_12-10-23.pdf,,"Weekday, Saturday, and Sunday schedules have been updated.",Improve reliability.,Se actualizaron los horarios entre semana y de los días sábados y domingos.,Mejorar la fiabilidad.,"Թարմացվել են աշխատանքային, շաբաթ և կիրակի օրերերի ժամանակացույցերը։",Բարելավել հուսալիությունը:,平日、週六和週日時刻表已更新。,提升可靠性。,"평일 및 토요일, 일요일 일정이 업데이트되었습니다.",안정성을 개선합니다.,平日、土曜日、日曜日のスケジュールが更新されました。,信頼の向上に努めます。,"Обновлены расписания на будние дни, субботы и воскресенья.",Повысить надежность.,"Lịch trình các ngày thường trong tuần, Thứ Bảy và Chủ Nhật đã được cập nhật.",Cải thiện độ tin cậy.
51,207,207_TT_12-10-23.pdf,,Saturday and Sunday schedules have been updated.,Improve reliability.,Se actualizaron los horarios de los sábados y domingos.,Mejorar la fiabilidad.,Թարմացվել են շաբաթ և կիրակի օրերի ժամանակացույցերը։,Բարելավել հուսալիությունը:,週六和週日時刻表已更新。,提升可靠性。,토요일 및 일요일 일정이 업데이트되었습니다.,안정성을 개선합니다.,土曜日と日曜日のスケジュールが更新されました。,信頼の向上に努めます。,Обновлены расписания на субботу и воскресенье.,Повысить надежность.,Lịch trình Thứ Bảy và Chủ Nhật đã được cập nhật.,Cải thiện độ tin cậy.
52,211/215,211-215_TT_12-10-23.pdf,,Weekday schedules have been updated.,Improve reliability.,Se actualizaron los horarios entre semana.,Mejorar la fiabilidad.,Թարմացվել են աշխատանքային օրերերի ժամանակացույցերը։,Բարելավել հուսալիությունը:,平日時刻表已更新。,提升可靠性。,평일 일정이 업데이트되었습니다.,안정성을 개선합니다.,平日のスケジュールが更新されました。,信頼の向上に努めます。,Обновлены расписания на будние дни.,Повысить надежность.,Lịch trình các ngày thường trong tuần đã được cập nhật.,Cải thiện độ tin cậy.
53,212,212_TT_12-10-23.pdf,,Saturday schedules have been updated.,Improve reliability.,Se actualizaron los horarios de los sábados.,Mejorar la fiabilidad.,Թարմացվել են շաբաթ օրերի ժամանակացույցերը։,Բարելավել հուսալիությունը:,週六時刻表已更新。,提升可靠性。,토요일 일정이 업데이트되었습니다.,안정성을 개선합니다.,土曜日のスケジュールが更新されました。,信頼の向上に努めます。,Обновлено расписание на субботу.,Повысить надежность.,Lịch trình Thứ Bảy đã được cập nhật.,Cải thiện độ tin cậy.
54,217,217_TT_12-10-23.pdf,,Minor changes to schedule.,Improve reliability.,Cambios menores en el horario.,Mejorar la fiabilidad.,"Minor timing changes, please check schedule.",Բարելավել հուսալիությունը:,"Minor timing changes, please check schedule.",提升可靠性。,"Minor timing changes, please check schedule.",안정성을 개선합니다.,"Minor timing changes, please check schedule.",信頼の向上に努めます。,"Minor timing changes, please check schedule.",Повысить надежность.,"Minor timing changes, please check schedule.",Cải thiện độ tin cậy.
55,224,224_TT_12-10-23.pdf,,Weekday schedules have been updated.,Improve reliability.,Se actualizaron los horarios entre semana.,Mejorar la fiabilidad.,Թարմացվել են աշխատանքային օրերերի ժամանակացույցերը։,Բարելավել հուսալիությունը:,平日時刻表已更新。,提升可靠性。,평일 일정이 업데이트되었습니다.,안정성을 개선합니다.,平日のスケジュールが更新されました。,信頼の向上に努めます。,Обновлены расписания на будние дни.,Повысить надежность.,Lịch trình các ngày thường trong tuần đã được cập nhật.,Cải thiện độ tin cậy.
56,230,230_TT_12-10-23.pdf,,Minor changes to schedule.,Improve reliability.,Cambios menores en el horario.,Mejorar la fiabilidad.,"Minor timing changes, please check schedule.",Բարելավել հուսալիությունը:,"Minor timing changes, please check schedule.",提升可靠性。,"Minor timing changes, please check schedule.",안정성을 개선합니다.,"Minor timing changes, please check schedule.",信頼の向上に努めます。,"Minor timing changes, please check schedule.",Повысить надежность.,"Minor timing changes, please check schedule.",Cải thiện độ tin cậy.
57,232,232_TT_12-10-23.pdf,,"Weekday, Saturday, and Sunday schedules have been updated.",Improve reliability.,Se actualizaron los horarios entre semana y de los días sábados y domingos.,Mejorar la fiabilidad.,"Թարմացվել են աշխատանքային, շաբաթ և կիրակի օրերերի ժամանակացույցերը։",Բարելավել հուսալիությունը:,平日、週六和週日時刻表已更新。,提升可靠性。,"평일 및 토요일, 일요일 일정이 업데이트되었습니다.",안정성을 개선합니다.,平日、土曜日、日曜日のスケジュールが更新されました。,信頼の向上に努めます。,"Обновлены расписания на будние дни, субботы и воскресенья.",Повысить надежность.,"Lịch trình các ngày thường trong tuần, Thứ Bảy và Chủ Nhật đã được cập nhật.",Cải thiện độ tin cậy.
58,233,,,New discharge bus stop on southbound Sepulveda Bl/Exposition Bl.,More convenient access to Expo/Sepulveda Station,Nueva parada de autobús hacia el sur de Sepulveda Bl/Exposition Bl.,Ofrecer un acceso más conveniente a la estación Expo/Sepulveda,Նոր բեռնաթափման ավտոբուսի կանգառ հարավային Sepulveda Bl/Exposition BlÉ,ավելի հարմար մուտք դեպի Expo/Sepulveda Station,在南向Sepulveda Bl/Exposition Bl增設新的公車停靠站。,前往Expo/Sepulveda Station更加便利,남부 방면 Sepulveda Bl/Exposition Bl에 신규 버스 정류장이 개설되었습니다.,Expo/Sepulveda Sation의 접근성 편의를 위한 조치입니다.,南行きSepulveda Bl/Exposition Blに新しい降車バス停が設置されます。,Expo/Sepulveda Stationへのアクセス向上,новая остановка для высадки пассажиров на южном направлении на перекрестке Sepulveda Bl/Exposition Bl.,обеспечить более удобный доступ к станции Expo/Sepulveda,Điểm xe buýt dừng trả khách mới ở phía nam Sepulveda Bl/Exposition Bl.,Đến Expo/Sepulveda Station thuận tiện hơn
59,235/236,235-236_TT_12-10-23.pdf,,Minor changes to schedule.,Improve reliability.,Cambios menores en el horario.,Mejorar la fiabilidad.,"Minor timing changes, please check schedule.",Բարելավել հուսալիությունը:,"Minor timing changes, please check schedule.",提升可靠性。,"Minor timing changes, please check schedule.",안정성을 개선합니다.,"Minor timing changes, please check schedule.",信頼の向上に努めます。,"Minor timing changes, please check schedule.",Повысить надежность.,"Minor timing changes, please check schedule.",Cải thiện độ tin cậy.
60,237,237_TT_12-10-23.pdf,,Weekday schedules have been updated.,Improve reliability.,Se actualizaron los horarios entre semana.,Mejorar la fiabilidad.,Թարմացվել են աշխատանքային օրերերի ժամանակացույցերը։,Բարելավել հուսալիությունը:,平日時刻表已更新。,提升可靠性。,평일 일정이 업데이트되었습니다.,안정성을 개선합니다.,平日のスケジュールが更新されました。,信頼の向上に努めます。,Обновлены расписания на будние дни.,Повысить надежность.,Lịch trình các ngày thường trong tuần đã được cập nhật.,Cải thiện độ tin cậy.
61,240,240_TT_12-10-23.pdf,,Late evening service increased weekdays and weekends from every 30 minutes to every 20 minutes.,Improved connections with B Line trains at Universal City/Studio City station.,"Aumento del servicio nocturno a altas horas de la noche entre semana y los fines de semana, de cada 30 minutos a cada 20 minutos.",Ofrecer conexiones mejoradas con los trenes de la B Line en la estación Universal City/Studio City,Ուշ երեկոյան սպասարկումն ավելացվել է աշխատանքային օրերին և հանգստյան օրերին՝ յուրաքանչյուր 30 րոպեից մինչև 20 րոպե:,բարելավված կապեր B Line գնացքների հետ Universal City/Studio City կայարանում:,平日和週末的夜間班次增加，發車間隔從每30分鐘一班縮短為每20分鐘一班。,Universal City/Studio City Station的B Line列車連接路線更加順暢。,평일 및 주말 심야 서비스 운행 시 배차 간격이 30분에서 20분으로 증편되었습니다.,Universal City/Studio City STation의 B Line 열차 연결성을 개선한 조치입니다.,平日および週末の深夜便が30分間隔から20分間隔に増便されます。,Universal City/Studio City StationでB Line列車への接続改善。,время ожидания в вечерние часы по будням и выходным сокращено с 30 до 20 минут.,обеспечить более удобную пересадку на поезда B Line на станции Universal City/Studio City.,Tần suất phục vụ vào tối muộn tăng cao vào ngày thường và ngày cuối tuần từ 30 phút/chuyến lên 20 phút/chuyến.,Cải thiện khả năng kết nối với các chuyến tàu Line B tại nhà ga Universal City/Studio City.
62,242/243,242-243_TT_12-10-23.pdf,,"Weekday, Saturday, and Sunday schedules have been updated.",Improve reliability.,Se actualizaron los horarios entre semana y de los días sábados y domingos.,Mejorar la fiabilidad.,"Թարմացվել են աշխատանքային, շաբաթ և կիրակի օրերերի ժամանակացույցերը։",Բարելավել հուսալիությունը:,平日、週六和週日時刻表已更新。,提升可靠性。,"평일 및 토요일, 일요일 일정이 업데이트되었습니다.",안정성을 개선합니다.,平日、土曜日、日曜日のスケジュールが更新されました。,信頼の向上に努めます。,"Обновлены расписания на будние дни, субботы и воскресенья.",Повысить надежность.,"Lịch trình các ngày thường trong tuần, Thứ Bảy và Chủ Nhật đã được cập nhật.",Cải thiện độ tin cậy.
63,244,244_TT_12-10-23.pdf,,Minor changes to schedule.,Improve reliability.,Cambios menores en el horario.,Mejorar la fiabilidad.,"Minor timing changes, please check schedule.",Բարելավել հուսալիությունը:,"Minor timing changes, please check schedule.",提升可靠性。,"Minor timing changes, please check schedule.",안정성을 개선합니다.,"Minor timing changes, please check schedule.",信頼の向上に努めます。,"Minor timing changes, please check schedule.",Повысить надежность.,"Minor timing changes, please check schedule.",Cải thiện độ tin cậy.
64,246,246_TT_12-10-23.pdf,,"Weekday, Saturday, and Sunday schedules have been updated.",Improve reliability.,Se actualizaron los horarios entre semana y de los días sábados y domingos.,Mejorar la fiabilidad.,"Թարմացվել են աշխատանքային, շաբաթ և կիրակի օրերերի ժամանակացույցերը։",Բարելավել հուսալիությունը:,平日、週六和週日時刻表已更新。,提升可靠性。,"평일 및 토요일, 일요일 일정이 업데이트되었습니다.",안정성을 개선합니다.,平日、土曜日、日曜日のスケジュールが更新されました。,信頼の向上に努めます。,"Обновлены расписания на будние дни, субботы и воскресенья.",Повысить надежность.,"Lịch trình các ngày thường trong tuần, Thứ Bảy và Chủ Nhật đã được cập nhật.",Cải thiện độ tin cậy.
65,251,251_TT_12-10-23.pdf,,One additional southbound trip scheduled weeknights after 7pm will be extended from Huntington Park to the C Line.,More convenient rail connections.,Un viaje nocturno adicional al sur entre semana después de las 7 p. m. se extenderá de Huntington Park a la C Line.,Ofrecer conexiones ferroviarias más convenientes,"Մեկ լրացուցիչ ուղևորություն դեպի հարավ, որը նախատեսված է շաբաթ գիշերները երեկոյան 7-ից հետո, կերկարաձգվի Huntington Park-ից մինչև C Line:",ավելի հարմար երկաթուղային միացումներ:,預定平日晚上7點過後加開一班從Huntington Park延伸至C Line的南向班次。,列車連接路線更加便利。,평일 야간 오후 7시 이후 Huntington Park에서 C Line을 잇는 남부 방면 운행편이 1회 증편되었습니다.,철도를 연결하여 편의를 도모하기 위한 조치입니다.,平日夜7時以降に運行される南行きの1便が、Huntington ParkからC Lineまで延長されます。,鉄道へ乗り換えやすくするため。,один дополнительный рейс в южном направлении по вечерам в будни после 19:00 продлен с Huntington Park до C Line.,обеспечить более удобную пересадку на поезда.,"Thêm một chuyến về phía nam có lịch trình vào các buổi tối ngày thường sau 7 giờ tối, sẽ được kéo dài từ Huntington Park tới Line C.",Kết nối đường sắt thuận tiện hơn.
66,260,260_TT_12-10-23.pdf,,Minor changes to schedule.,Improve reliability.,Cambios menores en el horario.,Mejorar la fiabilidad.,"Minor timing changes, please check schedule.",Բարելավել հուսալիությունը:,"Minor timing changes, please check schedule.",提升可靠性。,"Minor timing changes, please check schedule.",안정성을 개선합니다.,"Minor timing changes, please check schedule.",信頼の向上に努めます。,"Minor timing changes, please check schedule.",Повысить надежность.,"Minor timing changes, please check schedule.",Cải thiện độ tin cậy.
67,265,265_TT_12-10-23.pdf,,Minor changes to schedule.,Align with ridership levels.,Cambios menores en el horario.,Adaptarse a los niveles de pasajeros,"Minor timing changes, please check schedule.",հարմարեցնել ուղևորությունների մակարդակների հետ:,"Minor timing changes, please check schedule.",配合載客量。,"Minor timing changes, please check schedule.",탑승객 수에 따른 조정 조치입니다.,"Minor timing changes, please check schedule.",利用者数に合わせるため。,"Minor timing changes, please check schedule.",скорректировать график движения в соответствии с пассажиропотоком.,"Minor timing changes, please check schedule.",Điều chỉnh cho phù hợp với lượng hành khách.
68,267,267_TT_12-10-23.pdf,,Weekday schedules have been updated.,Improve reliability.,Se actualizaron los horarios entre semana.,Mejorar la fiabilidad.,Թարմացվել են աշխատանքային օրերերի ժամանակացույցերը։,Բարելավել հուսալիությունը:,平日時刻表已更新。,提升可靠性。,평일 일정이 업데이트되었습니다.,안정성을 개선합니다.,平日のスケジュールが更新されました。,信頼の向上に努めます。,Обновлены расписания на будние дни.,Повысить надежность.,Lịch trình các ngày thường trong tuần đã được cập nhật.,Cải thiện độ tin cậy.
69,344,344_TT_12-10-23.pdf,,Minor changes to schedule.,Improve reliability.,Cambios menores en el horario.,Mejorar la fiabilidad.,"Minor timing changes, please check schedule.",Բարելավել հուսալիությունը:,"Minor timing changes, please check schedule.",提升可靠性。,"Minor timing changes, please check schedule.",안정성을 개선합니다.,"Minor timing changes, please check schedule.",信頼の向上に努めます。,"Minor timing changes, please check schedule.",Повысить надежность.,"Minor timing changes, please check schedule.",Cải thiện độ tin cậy.
70,460,460_TT_12-10-23.pdf,,"Two additional trips scheduled eastbound during weekday PM
peak. Stop restrictions in Downtown LA for this line will be removed and Line 460 will be available to pick up and drop off passengers at each Line 460 stop in both directions. ",Accommodate increased ridership.,"Disneyland: dos viajes adicionales programados hacia el este durante el horario pico vespertino entre semana.
 Se eliminarán las restricciones de paradas en Downtown LA en esta línea, y la Line 460 estará disponible para recoger y dejar pasajeros en cada estación de Line 460 en ambas direcciones. ",Satisfacer las demandas de una mayor cantidad de pasajeros,"Երկու լրացուցիչ ուղևորություններ, որոնք նախատեսված են դեպի արևելք, աշխատանքային օրվա կեսօրից հետո 
պիկ ժամերին։ Այս գծի համար Downtown LA-ում կանգառի սահմանափակումները կվերացվեն, և Line 460-ը հասանելի կլինի ուղևորներ վերցնելու և իջեցնելու համար Line 460-ի յուրաքանչյուր կանգառում երկու ուղղություններով: ",ապահովել ուղևորահոսքի ավելացում։,"預定平日中午過後的
尖峰時段加開兩班東向班次。此路線的Downtown LA停靠限制將取消，Line 460會在每個Line 460雙向停靠站停靠，讓乘客上下車。 ",因應增加的載客量。,"평일 피크 시간대에 남부 방면 운행편이 2회 
증편되었습니다. 본 노선에 대한 Downtown LA의 정류장 제한 조치가 해제되며 Line 460의 경우 각 Line 460 정류장에서 양방향 방면으로 탑승객이 타고 내릴 수 있게 됩니다. ",탑승객 수 증가에 따른 조정 조치입니다.,平日午後ピーク時に東行きが2便追加されます。同路線のDowntown LAにおける停車駅規制は撤廃され、Line 460の各停車駅で両方面の乗客が乗車・降車できるようになります。 ,利用者の増加に対応するため。,"в расписание добавлены два дополнительных рейса в восточном направлении в вечерние часы
пик по будням. Ограничения для остановок в Downtown LA для этого маршрута будут отменены и автобусы Line 460 смогут осуществлять посадку и высадку пассажиров на всех остановках Line 460 в обоих направлениях. ",обеспечить перевозку большего количества пассажиров.,"Thêm hai chuyến về phía đông có lịch trình vào giờ cao điểm buổi chiều
các ngày thường. Các hạn chế điểm dừng tại Downtown LA cho tuyến này sẽ được dỡ bỏ và Line 460 sẽ sẵn sàng đón và trả khách tại mỗi điểm dừng của Line 460 theo cả hai chiều. ",Đáp ứng lượng hành khách tăng cao.
71,487/489,487-489_TT_12-10-23.pdf,,"Service on each line
will be increased from every 40 minutes to every 30 minutes weekday mornings westbound and
weekday afternoons eastbound. The LAC USC Medical Center Busway Station will be renamed
LA General Medical Ctr Station.",Accommodate increased ridership.,"El servicio en cada línea 
se incrementará de cada 40 minutos a cada 30 minutos por la mañana entre semana hacia el oeste y 
por la tarde entre semana hacia el este. La estación de autobús LAC USC Medical Center será renombrada 
Estación LA General Medical Ctr.",Satisfacer las demandas de una mayor cantidad de pasajeros,"Ծառայությունը յուրաքանչյուր գծի վրա
կավելացվի յուրաքանչյուր 40 րոպեից մինչև յուրաքանչյուր 30 րոպե շաբաթվա առավոտից դեպի արևմուտք և 
աշխատանքային օրվա կեսօրին արևելք: LAC USC Medical Center Busway Station-ը կվերանվանվի 
LA General Medical Ctr Station-ի։",ապահովել ուղևորահոսքի ավելացում։,"各路線的班次將會增加，平日早上西向和
平日下午東向的發車間隔從每40分鐘一班縮短為每30分鐘一班。
LAC USC Medical Center Busway Station將更名為LA General Medical Ctr Station。",因應增加的載客量。,"평일 아침
 서부 방면 및 평일 오후 동부 방면의 각 노선별 서비스가
40분 간격에서 30분 간격으로 증편됩니다. LAC USC Medical Center Busway Station의 이름이 
LA General Medical Ctr Station으로 변경됩니다.",탑승객 수 증가에 따른 조정 조치입니다.,各路線とも、平日朝（西行き）、平日午後（東行き）、40分間隔から30分間隔に増便されます。LAC USC Medical Center Busway Stationは、LA General Medical Ctr Stationと改名されます。,利用者の増加に対応するため。,"время ожидания по каждому маршруту
будет сокращено с 40 до 30 минут по утрам в будни в западном направлении и
по вечерам в будни в восточном направлении. Название станции LAC USC Medical Center Busway будет изменено на 
LA General Medical Ctr.",обеспечить перевозку большего количества пассажиров.,"Tần suất phục vụ trên mỗi tuyến
sẽ tăng từ 40 phút/chuyến lên 30 phút/chuyến vào các buổi sáng ngày thường về phía tây và
vào các buổi chiều ngày thường về phía đông. LAC USC Medical Center Busway Station sẽ được đổi tên thành 
LA General Medical Ctr Station.",Đáp ứng lượng hành khách tăng cao.
72,501,501_TT_12-10-23.pdf,,Minor changes to schedule.,Improve reliability.,Cambios menores en el horario.,Mejorar la fiabilidad.,"Minor timing changes, please check schedule.",Բարելավել հուսալիությունը:,"Minor timing changes, please check schedule.",提升可靠性。,"Minor timing changes, please check schedule.",안정성을 개선합니다.,"Minor timing changes, please check schedule.",信頼の向上に努めます。,"Minor timing changes, please check schedule.",Повысить надежность.,"Minor timing changes, please check schedule.",Cải thiện độ tin cậy.
73,550,550_TT_12-10-23.pdf,,Minor changes to schedule.,Improve reliability.,Cambios menores en el horario.,Mejorar la fiabilidad.,"Minor timing changes, please check schedule.",Բարելավել հուսալիությունը:,"Minor timing changes, please check schedule.",提升可靠性。,"Minor timing changes, please check schedule.",안정성을 개선합니다.,"Minor timing changes, please check schedule.",信頼の向上に努めます。,"Minor timing changes, please check schedule.",Повысить надежность.,"Minor timing changes, please check schedule.",Cải thiện độ tin cậy.
74,602,602_TT_12-10-23.pdf,,"Service will be altered eastbound to travel via Westwood Bl, right Kinross Av, left Veteran Bl.",Avoid delays from Purple Line Extension construction impacts at Wilshire Bl/Westwood Bl.,"El servicio se modificará para viajar por Westwood Bl, Kinross Av a la derecha, Veteran Bl a la izquierda.",Evitar demoras por la construcción de la extensión de la Purple Line en Wilshire Bl/Westwood Bl,"Ծառայությունը կփոխվի դեպի արևելք՝ ճանապարհորդելու Westwood Bl, աջ Kinross Av, ձախ Veteran Bl:",խուսափել ուշացումներից՝ Purple Line-ի շինարարական ընդլայնման հետևանքներից Wilshire Blvd/Westwood Bl-ում։,東向的班次路線將改為經由Westwood Bl、Kinross Av右線、Veteran Bl左線。,避免Purple Line延伸線施工延誤對Wilshire Bl/Westwood Bl造成影響。,"Westwood Bl, Kinross Av 오른쪽, Veteran Bl 왼쪽을 경유하여 운행되도록 동쪽 방면으로 서비스가 변경됩니다.",Wilshire Bl/Westwood Bl의 Purple Line Extension의 건설로 인한 지연을 방지하기 위한 조치입니다.,運行は東行きに変更され、Westwood Blを経由し、Kinross Avを右折、Veteran Blを左折します。,Wilshire Bl/Westwood BlでのPurple Line延長工事の影響による遅延の回避。,"обслуживание в восточном направлении будет изменено, и автобусы будут двигаться через Westwood Bl направо на Kinross Av и налево на Veteran Bl.","исключить задержки ввиду того, что строительство продолжения фиолетовой ветки затрагивает Wilshire Bl/Westwood Bl.","Tần suất phục vụ sẽ thay đổi về phía đông để đi qua Westwood Bl, rẽ phải tại Kinross Av, rẽ trái tại Veteran Bl.",Tránh chậm trễ do ảnh hưởng của việc xây dựng Purple Line Extension tại Wilshire Bl/Westwood Bl.
75,603,603_TT_12-10-23.pdf,,Minor changes to schedule.,Improve reliability.,Cambios menores en el horario.,Mejorar la fiabilidad.,"Minor timing changes, please check schedule.",Բարելավել հուսալիությունը:,"Minor timing changes, please check schedule.",提升可靠性。,"Minor timing changes, please check schedule.",안정성을 개선합니다.,"Minor timing changes, please check schedule.",信頼の向上に努めます。,"Minor timing changes, please check schedule.",Повысить надежность.,"Minor timing changes, please check schedule.",Cải thiện độ tin cậy.
76,617,617_TT_12-10-23.pdf,,"Weekday, Saturday, and Sunday schedules have been updated.",Improve reliability.,Se actualizaron los horarios entre semana y de los días sábados y domingos.,Mejorar la fiabilidad.,"Թարմացվել են աշխատանքային, շաբաթ և կիրակի օրերերի ժամանակացույցերը։",Բարելավել հուսալիությունը:,平日、週六和週日時刻表已更新。,提升可靠性。,"평일 및 토요일, 일요일 일정이 업데이트되었습니다.",안정성을 개선합니다.,平日、土曜日、日曜日のスケジュールが更新されました。,信頼の向上に努めます。,"Обновлены расписания на будние дни, субботы и воскресенья.",Повысить надежность.,"Lịch trình các ngày thường trong tuần, Thứ Bảy và Chủ Nhật đã được cập nhật.",Cải thiện độ tin cậy.
77,662,662_TT_12-10-23.pdf,,Minor changes to schedule.,Improve reliability.,Cambios menores en el horario.,Mejorar la fiabilidad.,"Minor timing changes, please check schedule.",Բարելավել հուսալիությունը:,"Minor timing changes, please check schedule.",提升可靠性。,"Minor timing changes, please check schedule.",안정성을 개선합니다.,"Minor timing changes, please check schedule.",信頼の向上に努めます。,"Minor timing changes, please check schedule.",Повысить надежность.,"Minor timing changes, please check schedule.",Cải thiện độ tin cậy.
78,720,720_TT_12-10-23.pdf,,Minor changes to schedule.,Improve reliability.,Cambios menores en el horario.,Mejorar la fiabilidad.,"Minor timing changes, please check schedule.",Բարելավել հուսալիությունը:,"Minor timing changes, please check schedule.",提升可靠性。,"Minor timing changes, please check schedule.",안정성을 개선합니다.,"Minor timing changes, please check schedule.",信頼の向上に努めます。,"Minor timing changes, please check schedule.",Повысить надежность.,"Minor timing changes, please check schedule.",Cải thiện độ tin cậy.
79,754,754_TT_12-10-23.pdf,,Minor changes to schedule.,Align with ridership levels.,Cambios menores en el horario.,Adaptarse a los niveles de pasajeros,"Minor timing changes, please check schedule.",հարմարեցնել ուղևորությունների մակարդակների հետ:,"Minor timing changes, please check schedule.",配合載客量。,"Minor timing changes, please check schedule.",탑승객 수에 따른 조정 조치입니다.,"Minor timing changes, please check schedule.",利用者数に合わせるため。,"Minor timing changes, please check schedule.",скорректировать график движения в соответствии с пассажиропотоком.,"Minor timing changes, please check schedule.",Điều chỉnh cho phù hợp với lượng hành khách.
80,761,761_TT_12-10-23.pdf,,New discharge bus stop on southbound Sepulveda Bl/Exposition Bl.,More convenient access to Expo/Sepulveda Station,Nueva parada de autobús hacia el sur de Sepulveda Bl/Exposition Bl.,Ofrecer un acceso más conveniente a la estación Expo/Sepulveda,Նոր բեռնաթափման ավտոբուսի կանգառ հարավային Sepulveda Bl/Exposition BlÉ,ավելի հարմար մուտք դեպի Expo/Sepulveda Station,在南向Sepulveda Bl/Exposition Bl增設新的公車停靠站。,前往Expo/Sepulveda Station更加便利,남부 방면 Sepulveda Bl/Exposition Bl에 신규 버스 정류장이 개설되었습니다.,Expo/Sepulveda Sation의 접근성 편의를 위한 조치입니다.,南行きSepulveda Bl/Exposition Blに新しい降車バス停が設置されます。,Expo/Sepulveda Stationへのアクセス向上,новая остановка для высадки пассажиров на южном направлении на перекрестке Sepulveda Bl/Exposition Bl.,обеспечить более удобный доступ к станции Expo/Sepulveda,Điểm xe buýt dừng trả khách mới ở phía nam Sepulveda Bl/Exposition Bl.,Đến Expo/Sepulveda Station thuận tiện hơn
81,801,801_TT_12-10-23.pdf,,"Weekday peak hour trains will operate every 8 minutes instead of 10 minutes. Weekday midday and Saturday/Sunday 9am to 7pm trains will operate every 10 minutes instead of 12 minutes. Two additional trains will be added at the end of the nightly schedule each direction on both the A and E lines, extending service by an extra 40 minutes each night, weekdays and weekends, with much-requested later last departures from Long Beach, APU Citrus (Azusa), and Santa Monica after 11:30pm.",,"Los trenes en horas pico entre semana operarán cada 8 minutos en lugar de cada 10 minutos.
Los trenes entre semana al medio día, y los sábados y domingos de 9 a. m. a 7 p. m., operarán cada 10 minutos en lugar de cada 12 minutos.
Se agregarán dos trenes adicionales al final del horario nocturno en ambas direcciones de la A Line y la E Line, con lo cual se ampliará el servicio 40 minutos más cada noche, entre semana y los fines de semana, con un servicio más tarde tan solicitado con 
salidas desde Long Beach, APU Citrus
(Azusa) y Santa Monica, después de las 11:30 p. m.",,"Շաբաթվա պիկ ժամերին գնացքները կաշխատեն 8 րոպեն մեկ՝ 10 րոպեի փոխարեն: 
Շաբաթվա կեսօր և շաբաթ/կիրակի օրերին առավոտյան 9-ից մինչև երեկոյան 7-ը գնացքները կաշխատեն 10 րոպեն մեկ՝ 12 րոպեի փոխարեն:
Երկու հավելյալ գնացք կավելացվի գիշերային գրաֆիկի ավարտին յուրաքանչյուր ուղղությամբ A և E line-երի վրա՝ երկարացնելով ծառայությունը հավելյալ 40 րոպեով ամեն գիշեր, աշխատանքային օրերին և հանգստյան օրերին, շատ պահանջված ուշ ժամերին վերջին 
մեկնումներով Long Beach-ից, APU Citrus-ից
(Azusa) և  Santa Monica-ից երեկոյան 23:30-ից հետո:",,"平日尖峰時段的列車發車間隔將從每10分鐘一班改為每8分鐘一班。平日午間和週六/週日上午9點至晚上7點的列車發車間隔將從每12分鐘一班改為每10分鐘一班。 A Line與E Line夜間時刻表將加開兩班雙向末班列車，每晚、平日與週末行駛時間往後延長40分鐘，以因應需求高的夜班車，這些車班會在晚上11:30過後行經Long Beach、APU Citrus
(Azusa) 以及Santa Monica，將之前的末班車時間往後延。",,"평일 피크 시간대에 열차는 10분 대신 8분 간격으로 운행됩니다. 
평일 정오 및 토요일/일요일 오전 9시~오후 7시에 열차는 12분 대신 10분 간격으로 운행됩니다. 
A, E Line 모두 야간 운행 시간대 마지막에 방향별로 2편의 열차가 증편되어 평일과 주말 모두 매일 밤 운행 시간이 40분씩 추가로 연장되며, 요청이 많았던 Long Beach, APU Citrus(Azusa), 및 Santa Monica 의 마지막 배차가 오후 11시 30분 이후로 조정됩니다.",,平日のピーク時は10分間隔から8分間隔に変更されます。平日の昼間および土日の午前9時から午後7時までは12分間隔から10分間隔に変更されます。A LineとE Lineの夜間ダイヤの最後にそれぞれ2本ずつ追加され、平日・週末を問わず毎晩40分延長され、要望の多かったLong Beach、APU Citrus（Azusa）、Santa Monica発の最終時刻を午後11時30分以降に遅らせます。,,"В часы пик по будним дням поезда будут курсировать с промежутком 8 минут вместо 10.
В обеденное время по будним дням, а также с 9:00 до 19:00 по субботам/воскресеньям поезда будут курсировать с промежутком 10 минут вместо 12. В ночное расписание на маршруты A и E Line будут добавлены два дополнительных поезда в каждом направлении, что позволит продлить время обслуживания еще на 40 минут в будни и выходные дни, при этом по многочисленным просьбам пассажиров последние поезда
будут отправляться от станций Long Beach, APU Citrus
(Azusa) и Santa Monica после 23:30.",,"Vào giờ cao điểm trong ngày thường, tàu sẽ chạy với tần suất 8 phút/chuyến thay vì 10 phút.
Vào buổi trưa ngày thường và từ 9 giờ sáng đến 7 giờ chiều Thứ Bảy/Chủ Nhật, tàu sẽ chạy với tần suất 10 phút/chuyến thay vì 12 phút.
Sẽ có thêm hai chuyến tàu được bổ sung vào cuối lịch trình hàng đêm mỗi chiều trên cả line A và E, kéo dài thời gian dịch vụ thêm 40 phút mỗi đêm, trong cả ngày thường và ngày cuối tuần, với các chuyến muộn nhất theo yêu cầu của nhiều hành khách sẽ khởi hành muộn hơn
từ Long Beach, APU Citrus
(Azusa) và Santa Monica sau 11:30 đêm.",
82,803,803_TT_12-10-23.pdf,,Weekday midday and Saturday/Sunday 9 am to 7 pm trains will operate every 10 minutes instead of 15 minutes.,,"Entre semana al mediodía y los sábados y domingos, de 9 a. m. a 7 p. m., los trenes operarán cada 10 minutos en lugar de cada 15 minutos.",,Շաբաթվա օրերին կեսօրը և շաբաթ/կիրակի առավոտյան 9-ից մինչև երեկոյան 7-ը գնացքները կաշխատեն 15 րոպեի փոխարեն 10 րոպեն մեկ:,,平日午間和週六/週日上午9點至晚上7點的列車發車間隔將從每15分鐘一班改為每10分鐘一班。,,평일 정오 및 토요일/일요일 오전 9시~오후 7시에 열차는 15분이 아닌 10분 간격으로 운행됩니다.,,平日昼間および土曜・日曜の午前9時から午後7時までは15分間隔から10分間隔に変更されます。,,"В обеденное время по будням, а также с 9:00 до 19:00 по субботам/воскресеньям поезда будут курсировать с промежутком 10 минут вместо 15.",,"Vào buổi trưa ngày thường và từ 9 giờ sáng đến 7 giờ tối Thứ Bảy/Chủ Nhật, tàu sẽ chạy với tần suất 10 phút/chuyến thay vì 15 phút. ​",
83,804,804_TT_12-10-23.pdf,,"Weekday peak hour trains will operate every 8 minutes instead of 10 minutes. Weekday midday and Saturday/Sunday 9am to 7pm trains will operate every 10 minutes instead of 12 minutes. Two additional trains will be added at the end of the nightly schedule each direction on both the A and E lines, extending service by an extra 40 minutes each night, weekdays and weekends, with much-requested later last departures from Long Beach, APU Citrus (Azusa), and Santa Monica after 11:30pm.",,"Los trenes en horas pico entre semana operarán cada 8 minutos en lugar de cada 10 minutos.
Los trenes entre semana al medio día, y los sábados y domingos de 9 a. m. a 7 p. m., operarán cada 10 minutos en lugar de cada 12 minutos.
Se agregarán dos trenes adicionales al final del horario nocturno en ambas direcciones de la A Line y la E Line, con lo cual se ampliará el servicio 40 minutos más cada noche, entre semana y los fines de semana, con un servicio más tarde tan solicitado con 
salidas desde Long Beach, APU Citrus
(Azusa) y Santa Monica, después de las 11:30 p. m.",,"Շաբաթվա պիկ ժամերին գնացքները կաշխատեն 8 րոպեն մեկ՝ 10 րոպեի փոխարեն: 
Շաբաթվա կեսօր և շաբաթ/կիրակի օրերին առավոտյան 9-ից մինչև երեկոյան 7-ը գնացքները կաշխատեն 10 րոպեն մեկ՝ 12 րոպեի փոխարեն:
Երկու հավելյալ գնացք կավելացվի գիշերային գրաֆիկի ավարտին յուրաքանչյուր ուղղությամբ A և E line-երի վրա՝ երկարացնելով ծառայությունը հավելյալ 40 րոպեով ամեն գիշեր, աշխատանքային օրերին և հանգստյան օրերին, շատ պահանջված ուշ ժամերին վերջին 
մեկնումներով Long Beach-ից, APU Citrus-ից
(Azusa) և  Santa Monica-ից երեկոյան 23:30-ից հետո:",,"平日尖峰時段的列車發車間隔將從每10分鐘一班改為每8分鐘一班。平日午間和週六/週日上午9點至晚上7點的列車發車間隔將從每12分鐘一班改為每10分鐘一班。 A Line與E Line夜間時刻表將加開兩班雙向末班列車，每晚、平日與週末行駛時間往後延長40分鐘，以因應需求高的夜班車，這些車班會在晚上11:30過後行經Long Beach、APU Citrus
(Azusa) 以及Santa Monica，將之前的末班車時間往後延。",,"평일 피크 시간대에 열차는 10분 대신 8분 간격으로 운행됩니다. 
평일 정오 및 토요일/일요일 오전 9시~오후 7시에 열차는 12분 대신 10분 간격으로 운행됩니다. 
A, E Line 모두 야간 운행 시간대 마지막에 방향별로 2편의 열차가 증편되어 평일과 주말 모두 매일 밤 운행 시간이 40분씩 추가로 연장되며, 요청이 많았던 Long Beach, APU Citrus(Azusa), 및 Santa Monica 의 마지막 배차가 오후 11시 30분 이후로 조정됩니다.",,平日のピーク時は10分間隔から8分間隔に変更されます。平日の昼間および土日の午前9時から午後7時までは12分間隔から10分間隔に変更されます。A LineとE Lineの夜間ダイヤの最後にそれぞれ2本ずつ追加され、平日・週末を問わず毎晩40分延長され、要望の多かったLong Beach、APU Citrus（Azusa）、Santa Monica発の最終時刻を午後11時30分以降に遅らせます。,,"В часы пик по будним дням поезда будут курсировать с промежутком 8 минут вместо 10.
В обеденное время по будним дням, а также с 9:00 до 19:00 по субботам/воскресеньям поезда будут курсировать с промежутком 10 минут вместо 12. В ночное расписание на маршруты A и E Line будут добавлены два дополнительных поезда в каждом направлении, что позволит продлить время обслуживания еще на 40 минут в будни и выходные дни, при этом по многочисленным просьбам пассажиров последние поезда
будут отправляться от станций Long Beach, APU Citrus
(Azusa) и Santa Monica после 23:30.",,"Vào giờ cao điểm trong ngày thường, tàu sẽ chạy với tần suất 8 phút/chuyến thay vì 10 phút.
Vào buổi trưa ngày thường và từ 9 giờ sáng đến 7 giờ chiều Thứ Bảy/Chủ Nhật, tàu sẽ chạy với tần suất 10 phút/chuyến thay vì 12 phút.
Sẽ có thêm hai chuyến tàu được bổ sung vào cuối lịch trình hàng đêm mỗi chiều trên cả line A và E, kéo dài thời gian dịch vụ thêm 40 phút mỗi đêm, trong cả ngày thường và ngày cuối tuần, với các chuyến muộn nhất theo yêu cầu của nhiều hành khách sẽ khởi hành muộn hơn
từ Long Beach, APU Citrus
(Azusa) và Santa Monica sau 11:30 đêm.",
84,807,807_TT_12-10-23.pdf,,"Weekday midday trains will operate every 10 minutes instead of 12 minutes.
Note: K Line weekend service, trains will operate every 20 minutes all day Saturday and Sunday due to construction and testing work to connect the C and K Lines and new LAX/Metro Transit Center Station (scheduled opening end of 2024).",,"Entre semana al mediodía, los trenes operarán cada 10 minutos en lugar de cada 12 minutos.
Nota: Para el servicio de fin de semana de la K Line, los trenes operarán cada 20 minutos todo el día los sábados y domingos debido a los trabajos de construcción y pruebas para conectar la C Line y la K Line y la nueva estación LAX/Metro Transit Center (apertura programada para finales de 2024).",,"Շաբաթվա կեսօրվա գնացքները կաշխատեն 10 րոպեն մեկ՝ 12 րոպեի փոխարեն:
Նշում․ շաբաթավերջին K Line ծառայությունը, գնացքները կաշխատեն ամեն 20 րոպեն մեկ ամբողջ օրը շաբաթ և կիրակի՝ C և K Line-երը և նոր LAX/Metro Transit Center Station-ը միացնելու շինարարական և փորձարարական աշխատանքների պատճառով (պլանավորված բացումը 2024 թ.-ի վերջ):",,平日午間列車的發車間隔將從每12分鐘一班改為每10分鐘一班。附註：K Line的週末營運由於連接C Line和K Line與新LAX/Metro Transit Center Station（預定於2024年底開通）的施工及測試作業，列車在週六和週日全天的發車間隔是20分鐘。,,"평일 정오에 열차는 12분이 아닌 10분의 간격으로 운행됩니다.
참고: K Line 주말 서비스 및 열차는 C 및 K Line과 신규 LAX/Metro Transit Center 역(2024년 말 개장 예정) 연결 작업 건설 및 시범 운행으로 인해 토요일 및 일요일은 하루종일 20분마다 운행됩니다.",,平日昼間は12分間隔から10分間隔に変更されます。注：週末のK Line運行については、C LineとK LineおよびLAX/Metro Transit Center Station（2024年末開業予定）の建設・試験工事のため、土日は終日20分間隔で運行します。,,"Днем в будни поезда будут курсировать каждые 10 минут вместо 12.
Примечание: на маршруте K Line по субботам и воскресеньям поезда будут курсировать каждые 20 минут по причине строительства и испытания соединения маршрутов C и K Line с новой станцией LAX/Metro Transit Center (открытие запланировано на конец 2024 года).",,"Vào buổi trưa ngày thường, tàu sẽ chạy với tần suất 10 phút/chuyến thay vì 12 phút.
Lưu ý: Với dịch vụ cuối tuần của Line K, tàu sẽ chạy với tần suất 20 phút/chuyến suốt cả ngày Thứ Bảy và Chủ Nhật do công việc thi công và thử nghiệm để kết nối các Line C và K với LAX/Metro Transit Center Station mới (dự kiến mở cửa hoạt động vào cuối năm 2024).",
85,857,857_TT_12-10-23.pdf,,Will increase weekday midday service to every 10 minutes and reduce daytime weekends from every 12 minute to every 20 minutes.,To maintain connections for all K Line trains to/from the C Line.,"Aumentará el servicio del mediodía entre semana a cada 10 minutos y se reducirá durante el día los fines de semana, de cada 12 minutos a cada 20 minutos.",Mantener las conexiones de todos los trenes de la K Line desde y hacia la C Line,"Կավելացվի աշխատանքային օրվա կեսօրվա սպասարկումը մինչև յուրաքանչյուր 10 րոպե, իսկ ցերեկային հանգստյան օրերը կնվազեցնի յուրաքանչյուր 12 րոպեից մինչև 20 րոպե:",պահպանել կապը բոլոր K Line գնացքների համար C Line-ի հետ:,平日午間班次將會增加，發車間隔縮短為每10分鐘一班，週末白天的班次則會減少，發車間隔從每12分鐘一班延長為每20分鐘一班。,使K Line列車跟C Line列車之間的往來連接路線保持順暢。,평일 정오 운행 서비스를 증편해 10분마다 운행하고 주말 주간 운행 간격을 12분에서 20분으로 줄입니다.,C Line을 오가는 K Line 열차의 연결성을 유지하기 위한 조치입니다.,平日昼間の運行を10分間隔に増便し、週末昼間の運行を12分間隔から20分間隔に短縮します。,K Line全列車のC Lineとの接続を維持するため。,"время прибытия автобусов в обед по будням будет сокращено до 10 минут, а в дневное время по выходным — увеличено с 12 минут до 20.",обеспечить пересадку на поезда между ветками K Line и C Line.,Sẽ tăng tần suất phục vụ vào buổi trưa ngày thường lên 10 phút/chuyến và giảm tần suất vào ban ngày cuối tuần từ 12 phút/chuyến xuống 20 phút/chuyến.,Để duy trì kết nối cho tất cả các chuyến tàu Line K đến/từ Line C.
86,910,910_TT_12-10-23.pdf,,"Additional trip departing
El Monte Station added at 10:49 pm on weeknights and weekends to Downtown LA and
Harbor Gateway Transit Center, extending the period with 20-minute service later. The LAC USC
Medical Center Busway Station will be renamed LA General Medical Ctr Station.",Accommodate increased ridership.,"Viaje adicional desde la 
estación El Monte agregado a las 10:49 p. m., las noches entre semana y los fines de semana a Downtown LA y
Harbor Gateway Transit Center, para extender el periodo de servicio por 20 minutos. La estación de autobús LAC USC Medical Center será renombrada
Estación LA General Medical Ctr.",Satisfacer las demandas de una mayor cantidad de pasajeros,"El Monte Station-ից մեկնող լրացուցիչ ուղևորություն ավելացվել է շաբաթ և կիրակի օրերին երեկոյան 22:49-ին  Downtown LA-ում և
Harbor Gateway Transit Center-ում՝ երկարացնելով սպասարկման ժամը 20 րոպեով: LAC USC 
Medical Center Busway Station-ը կվերանվանվի LA General Medical Ctr Station-ի։",ապահովել ուղևորահոսքի ավելացում։,"額外加開平日晚上10:49和週末從El Monte Station離站前往Downtown LA和
Harbor Gateway Transit Center的班次，此班次行駛時間拉長20分鐘。
LAC USC Medical Center Busway Station將更名為LA General Medical Ctr Station。",因應增加的載客量。,"El Monte Station을 출발해 
Downtown LA and Harbor Gateway Transit Center로 향하는 추가 운행편이
 평일 야간과 주말 오후 10시 49분에 증편되어 이후에는 서비스 운행 시간이 20분 연장됩니다. LAC USC 
Medical Center Busway Station의 이름이 LA General Medical Ctr Station으로 변경됩니다.",탑승객 수 증가에 따른 조정 조치입니다.,El Monte Stationを平日夜10時49分に出発し、Downtown LAおよびHarbor Gateway Transit Centerへ向かう便が追加され、20分遅れで運行されます。LAC USC Medical Center Busway Stationは、LA General Medical Ctr Stationと改名されます。,利用者の増加に対応するため。,"добавлен дополнительный рейс от станции
El Monte до Downtown LA и
Harbor Gateway Transit Center в 22:49 по будням и выходным, что продлевает время обслуживания на 20 минут. Название станции LAC USC Medical Center Busway будет изменено на 
LA General Medical Ctr.",обеспечить перевозку большего количества пассажиров.,"Chuyến bổ sung khởi hành từ
El Monte Station lúc 10:49 tối vào các buổi tối ngày thường và ngày cuối tuần tới Downtown LA và
Harbor Gateway Transit Center, kéo dài thời gian phục vụ thêm 20 phút. LAC USC
Medical Center Busway Station sẽ được đổi tên thành LA General Medical Ctr Station.",Đáp ứng lượng hành khách tăng cao.
