line,update,reason,map,en-update,en-reason,es-update,es-reason,hy-update,hy-reason,ko-update,ko-reason,ru-update,ru-reason,vi-update,vi-reason,zh-tw-update,zh-tw-reason,ja-update,ja-reason
2,"Weekday, Saturday, and Sunday schedules have been updated.",Improved reliability,,"Weekday, Saturday, and Sunday schedules have been updated.",Improved reliability,"Weekday, Saturday, and Sunday schedules have been updated.",Improved reliability,"Weekday, Saturday, and Sunday schedules have been updated.",Improved reliability,"Weekday, Saturday, and Sunday schedules have been updated.",Improved reliability,"Weekday, Saturday, and Sunday schedules have been updated.",Improved reliability,"Weekday, Saturday, and Sunday schedules have been updated.",Improved reliability,"Weekday, Saturday, and Sunday schedules have been updated.",Improved reliability,"Weekday, Saturday, and Sunday schedules have been updated.",Improved reliability
4,"Weekday, Saturday, and Sunday schedules have been updated.",Improved reliability,,"Weekday, Saturday, and Sunday schedules have been updated.",Improved reliability,"Weekday, Saturday, and Sunday schedules have been updated.",Improved reliability,"Weekday, Saturday, and Sunday schedules have been updated.",Improved reliability,"Weekday, Saturday, and Sunday schedules have been updated.",Improved reliability,"Weekday, Saturday, and Sunday schedules have been updated.",Improved reliability,"Weekday, Saturday, and Sunday schedules have been updated.",Improved reliability,"Weekday, Saturday, and Sunday schedules have been updated.",Improved reliability,"Weekday, Saturday, and Sunday schedules have been updated.",Improved reliability
10,"Weekday, Saturday, and Sunday schedules have been updated.",Improved reliability,,"Weekday, Saturday, and Sunday schedules have been updated.",Improved reliability,"Weekday, Saturday, and Sunday schedules have been updated.",Improved reliability,"Weekday, Saturday, and Sunday schedules have been updated.",Improved reliability,"Weekday, Saturday, and Sunday schedules have been updated.",Improved reliability,"Weekday, Saturday, and Sunday schedules have been updated.",Improved reliability,"Weekday, Saturday, and Sunday schedules have been updated.",Improved reliability,"Weekday, Saturday, and Sunday schedules have been updated.",Improved reliability,"Weekday, Saturday, and Sunday schedules have been updated.",Improved reliability
14,"Weekday, Saturday, and Sunday schedules have been updated.",Improved reliability,,"Weekday, Saturday, and Sunday schedules have been updated.",Improved reliability,"Weekday, Saturday, and Sunday schedules have been updated.",Improved reliability,"Weekday, Saturday, and Sunday schedules have been updated.",Improved reliability,"Weekday, Saturday, and Sunday schedules have been updated.",Improved reliability,"Weekday, Saturday, and Sunday schedules have been updated.",Improved reliability,"Weekday, Saturday, and Sunday schedules have been updated.",Improved reliability,"Weekday, Saturday, and Sunday schedules have been updated.",Improved reliability,"Weekday, Saturday, and Sunday schedules have been updated.",Improved reliability
16,Line 16 will extend east to Alameda St. in Downtown LA via 6th St. (eastbound) and 5th St. (westbound).,More Service for riders in east Downtown LA,Line 16.png,Line 16 will extend east to Alameda St. in Downtown LA via 6th St. (eastbound) and 5th St. (westbound).,More Service for riders in east Downtown LA,Line 16 will extend east to Alameda St. in Downtown LA via 6th St. (eastbound) and 5th St. (westbound).,More Service for riders in east Downtown LA,Line 16 will extend east to Alameda St. in Downtown LA via 6th St. (eastbound) and 5th St. (westbound).,More Service for riders in east Downtown LA,Line 16 will extend east to Alameda St. in Downtown LA via 6th St. (eastbound) and 5th St. (westbound).,More Service for riders in east Downtown LA,Line 16 will extend east to Alameda St. in Downtown LA via 6th St. (eastbound) and 5th St. (westbound).,More Service for riders in east Downtown LA,Line 16 will extend east to Alameda St. in Downtown LA via 6th St. (eastbound) and 5th St. (westbound).,More Service for riders in east Downtown LA,Line 16 will extend east to Alameda St. in Downtown LA via 6th St. (eastbound) and 5th St. (westbound).,More Service for riders in east Downtown LA,Line 16 will extend east to Alameda St. in Downtown LA via 6th St. (eastbound) and 5th St. (westbound).,More Service for riders in east Downtown LA
16,Line 16 will see increased service every 15 mins between 10pm-midnight weekdays and weekends going eastbound.,Added capacity to avoid crowded buses for riders,,Line 16 will see increased service every 15 mins between 10pm-midnight weekdays and weekends going eastbound.,Added capacity to avoid crowded buses for riders,Line 16 will see increased service every 15 mins between 10pm-midnight weekdays and weekends going eastbound.,Added capacity to avoid crowded buses for riders,Line 16 will see increased service every 15 mins between 10pm-midnight weekdays and weekends going eastbound.,Added capacity to avoid crowded buses for riders,Line 16 will see increased service every 15 mins between 10pm-midnight weekdays and weekends going eastbound.,Added capacity to avoid crowded buses for riders,Line 16 will see increased service every 15 mins between 10pm-midnight weekdays and weekends going eastbound.,Added capacity to avoid crowded buses for riders,Line 16 will see increased service every 15 mins between 10pm-midnight weekdays and weekends going eastbound.,Added capacity to avoid crowded buses for riders,Line 16 will see increased service every 15 mins between 10pm-midnight weekdays and weekends going eastbound.,Added capacity to avoid crowded buses for riders,Line 16 will see increased service every 15 mins between 10pm-midnight weekdays and weekends going eastbound.,Added capacity to avoid crowded buses for riders
16,"Weekday, Saturday, and Sunday schedules have been updated.",Improved reliability,,"Weekday, Saturday, and Sunday schedules have been updated.",Improved reliability,"Weekday, Saturday, and Sunday schedules have been updated.",Improved reliability,"Weekday, Saturday, and Sunday schedules have been updated.",Improved reliability,"Weekday, Saturday, and Sunday schedules have been updated.",Improved reliability,"Weekday, Saturday, and Sunday schedules have been updated.",Improved reliability,"Weekday, Saturday, and Sunday schedules have been updated.",Improved reliability,"Weekday, Saturday, and Sunday schedules have been updated.",Improved reliability,"Weekday, Saturday, and Sunday schedules have been updated.",Improved reliability
18,"Weekday, Saturday, and Sunday schedules have been updated.",Improved reliability,,"Weekday, Saturday, and Sunday schedules have been updated.",Improved reliability,"Weekday, Saturday, and Sunday schedules have been updated.",Improved reliability,"Weekday, Saturday, and Sunday schedules have been updated.",Improved reliability,"Weekday, Saturday, and Sunday schedules have been updated.",Improved reliability,"Weekday, Saturday, and Sunday schedules have been updated.",Improved reliability,"Weekday, Saturday, and Sunday schedules have been updated.",Improved reliability,"Weekday, Saturday, and Sunday schedules have been updated.",Improved reliability,"Weekday, Saturday, and Sunday schedules have been updated.",Improved reliability
20,"Weekday, Saturday, and Sunday schedules have been updated.",Improved reliability,,"Weekday, Saturday, and Sunday schedules have been updated.",Improved reliability,"Weekday, Saturday, and Sunday schedules have been updated.",Improved reliability,"Weekday, Saturday, and Sunday schedules have been updated.",Improved reliability,"Weekday, Saturday, and Sunday schedules have been updated.",Improved reliability,"Weekday, Saturday, and Sunday schedules have been updated.",Improved reliability,"Weekday, Saturday, and Sunday schedules have been updated.",Improved reliability,"Weekday, Saturday, and Sunday schedules have been updated.",Improved reliability,"Weekday, Saturday, and Sunday schedules have been updated.",Improved reliability
28,"Weekday, Saturday, and Sunday schedules have been updated.",Improved reliability,,"Weekday, Saturday, and Sunday schedules have been updated.",Improved reliability,"Weekday, Saturday, and Sunday schedules have been updated.",Improved reliability,"Weekday, Saturday, and Sunday schedules have been updated.",Improved reliability,"Weekday, Saturday, and Sunday schedules have been updated.",Improved reliability,"Weekday, Saturday, and Sunday schedules have been updated.",Improved reliability,"Weekday, Saturday, and Sunday schedules have been updated.",Improved reliability,"Weekday, Saturday, and Sunday schedules have been updated.",Improved reliability,"Weekday, Saturday, and Sunday schedules have been updated.",Improved reliability
30,"With the opening of Regional Connector light rail and the E Line serving East LA, Line 30 trips will no longer operate east of Little Tokyo to Union Station or Indiana Station. Line 106 will still serve 1st St. between Indiana Station and Little Tokyo. All trips on Line 30 will operate weekdays and weekends between Little Tokyo and Pico Rimpau Transit Center.",Avoid duplicating new Regional Connector E Line while retaining local bus 106 for 1st St.,,"With the opening of Regional Connector light rail and the E Line serving East LA, Line 30 trips will no longer operate east of Little Tokyo to Union Station or Indiana Station. Line 106 will still serve 1st St. between Indiana Station and Little Tokyo. All trips on Line 30 will operate weekdays and weekends between Little Tokyo and Pico Rimpau Transit Center.",Avoid duplicating new Regional Connector E Line while retaining local bus 106 for 1st St.,"With the opening of Regional Connector light rail and the E Line serving East LA, Line 30 trips will no longer operate east of Little Tokyo to Union Station or Indiana Station. Line 106 will still serve 1st St. between Indiana Station and Little Tokyo. All trips on Line 30 will operate weekdays and weekends between Little Tokyo and Pico Rimpau Transit Center.",Avoid duplicating new Regional Connector E Line while retaining local bus 106 for 1st St.,"With the opening of Regional Connector light rail and the E Line serving East LA, Line 30 trips will no longer operate east of Little Tokyo to Union Station or Indiana Station. Line 106 will still serve 1st St. between Indiana Station and Little Tokyo. All trips on Line 30 will operate weekdays and weekends between Little Tokyo and Pico Rimpau Transit Center.",Avoid duplicating new Regional Connector E Line while retaining local bus 106 for 1st St.,"With the opening of Regional Connector light rail and the E Line serving East LA, Line 30 trips will no longer operate east of Little Tokyo to Union Station or Indiana Station. Line 106 will still serve 1st St. between Indiana Station and Little Tokyo. All trips on Line 30 will operate weekdays and weekends between Little Tokyo and Pico Rimpau Transit Center.",Avoid duplicating new Regional Connector E Line while retaining local bus 106 for 1st St.,"With the opening of Regional Connector light rail and the E Line serving East LA, Line 30 trips will no longer operate east of Little Tokyo to Union Station or Indiana Station. Line 106 will still serve 1st St. between Indiana Station and Little Tokyo. All trips on Line 30 will operate weekdays and weekends between Little Tokyo and Pico Rimpau Transit Center.",Avoid duplicating new Regional Connector E Line while retaining local bus 106 for 1st St.,"With the opening of Regional Connector light rail and the E Line serving East LA, Line 30 trips will no longer operate east of Little Tokyo to Union Station or Indiana Station. Line 106 will still serve 1st St. between Indiana Station and Little Tokyo. All trips on Line 30 will operate weekdays and weekends between Little Tokyo and Pico Rimpau Transit Center.",Avoid duplicating new Regional Connector E Line while retaining local bus 106 for 1st St.,"With the opening of Regional Connector light rail and the E Line serving East LA, Line 30 trips will no longer operate east of Little Tokyo to Union Station or Indiana Station. Line 106 will still serve 1st St. between Indiana Station and Little Tokyo. All trips on Line 30 will operate weekdays and weekends between Little Tokyo and Pico Rimpau Transit Center.",Avoid duplicating new Regional Connector E Line while retaining local bus 106 for 1st St.,"With the opening of Regional Connector light rail and the E Line serving East LA, Line 30 trips will no longer operate east of Little Tokyo to Union Station or Indiana Station. Line 106 will still serve 1st St. between Indiana Station and Little Tokyo. All trips on Line 30 will operate weekdays and weekends between Little Tokyo and Pico Rimpau Transit Center.",Avoid duplicating new Regional Connector E Line while retaining local bus 106 for 1st St.
30,"Weekday, Saturday, and Sunday schedules have been updated.",Improved reliability,,"Weekday, Saturday, and Sunday schedules have been updated.",Improved reliability,"Weekday, Saturday, and Sunday schedules have been updated.",Improved reliability,"Weekday, Saturday, and Sunday schedules have been updated.",Improved reliability,"Weekday, Saturday, and Sunday schedules have been updated.",Improved reliability,"Weekday, Saturday, and Sunday schedules have been updated.",Improved reliability,"Weekday, Saturday, and Sunday schedules have been updated.",Improved reliability,"Weekday, Saturday, and Sunday schedules have been updated.",Improved reliability,"Weekday, Saturday, and Sunday schedules have been updated.",Improved reliability
33,Weekday schedules have been updated.,Improved reliability,,Weekday schedules have been updated.,Improved reliability,Weekday schedules have been updated.,Improved reliability,Weekday schedules have been updated.,Improved reliability,Weekday schedules have been updated.,Improved reliability,Weekday schedules have been updated.,Improved reliability,Weekday schedules have been updated.,Improved reliability,Weekday schedules have been updated.,Improved reliability,Weekday schedules have been updated.,Improved reliability
40,"Weekday, Saturday, and Sunday schedules have been updated.",Improved reliability,,"Weekday, Saturday, and Sunday schedules have been updated.",Improved reliability,"Weekday, Saturday, and Sunday schedules have been updated.",Improved reliability,"Weekday, Saturday, and Sunday schedules have been updated.",Improved reliability,"Weekday, Saturday, and Sunday schedules have been updated.",Improved reliability,"Weekday, Saturday, and Sunday schedules have been updated.",Improved reliability,"Weekday, Saturday, and Sunday schedules have been updated.",Improved reliability,"Weekday, Saturday, and Sunday schedules have been updated.",Improved reliability,"Weekday, Saturday, and Sunday schedules have been updated.",Improved reliability
45,Weekday schedules have been updated.,Improved reliability,,Weekday schedules have been updated.,Improved reliability,Weekday schedules have been updated.,Improved reliability,Weekday schedules have been updated.,Improved reliability,Weekday schedules have been updated.,Improved reliability,Weekday schedules have been updated.,Improved reliability,Weekday schedules have been updated.,Improved reliability,Weekday schedules have been updated.,Improved reliability,Weekday schedules have been updated.,Improved reliability
51,Line 51 trips starting/ending in Downtown LA will include stops as far west as 7th/Bixel St.,Additional trips serving 7th/Bixel stops west of downtown LA for rider convenience.,,Line 51 trips starting/ending in Downtown LA will include stops as far west as 7th/Bixel St.,Additional trips serving 7th/Bixel stops west of downtown LA for rider convenience.,Line 51 trips starting/ending in Downtown LA will include stops as far west as 7th/Bixel St.,Additional trips serving 7th/Bixel stops west of downtown LA for rider convenience.,Line 51 trips starting/ending in Downtown LA will include stops as far west as 7th/Bixel St.,Additional trips serving 7th/Bixel stops west of downtown LA for rider convenience.,Line 51 trips starting/ending in Downtown LA will include stops as far west as 7th/Bixel St.,Additional trips serving 7th/Bixel stops west of downtown LA for rider convenience.,Line 51 trips starting/ending in Downtown LA will include stops as far west as 7th/Bixel St.,Additional trips serving 7th/Bixel stops west of downtown LA for rider convenience.,Line 51 trips starting/ending in Downtown LA will include stops as far west as 7th/Bixel St.,Additional trips serving 7th/Bixel stops west of downtown LA for rider convenience.,Line 51 trips starting/ending in Downtown LA will include stops as far west as 7th/Bixel St.,Additional trips serving 7th/Bixel stops west of downtown LA for rider convenience.,Line 51 trips starting/ending in Downtown LA will include stops as far west as 7th/Bixel St.,Additional trips serving 7th/Bixel stops west of downtown LA for rider convenience.
51,Weekday schedules have been updated.,Improved reliability,,Weekday schedules have been updated.,Improved reliability,Weekday schedules have been updated.,Improved reliability,Weekday schedules have been updated.,Improved reliability,Weekday schedules have been updated.,Improved reliability,Weekday schedules have been updated.,Improved reliability,Weekday schedules have been updated.,Improved reliability,Weekday schedules have been updated.,Improved reliability,Weekday schedules have been updated.,Improved reliability
51,"Minor Saturday frequency changes, please check schedule.",Align with ridership levels,,"Minor Saturday frequency changes, please check schedule.",Align with ridership levels,"Minor Saturday frequency changes, please check schedule.",Align with ridership levels,"Minor Saturday frequency changes, please check schedule.",Align with ridership levels,"Minor Saturday frequency changes, please check schedule.",Align with ridership levels,"Minor Saturday frequency changes, please check schedule.",Align with ridership levels,"Minor Saturday frequency changes, please check schedule.",Align with ridership levels,"Minor Saturday frequency changes, please check schedule.",Align with ridership levels,"Minor Saturday frequency changes, please check schedule.",Align with ridership levels
53,"Weekday, Saturday, and Sunday schedules have been updated.",Improved reliability,,"Weekday, Saturday, and Sunday schedules have been updated.",Improved reliability,"Weekday, Saturday, and Sunday schedules have been updated.",Improved reliability,"Weekday, Saturday, and Sunday schedules have been updated.",Improved reliability,"Weekday, Saturday, and Sunday schedules have been updated.",Improved reliability,"Weekday, Saturday, and Sunday schedules have been updated.",Improved reliability,"Weekday, Saturday, and Sunday schedules have been updated.",Improved reliability,"Weekday, Saturday, and Sunday schedules have been updated.",Improved reliability,"Weekday, Saturday, and Sunday schedules have been updated.",Improved reliability
55,Weekday schedules have been updated.,Improved reliability,,Weekday schedules have been updated.,Improved reliability,Weekday schedules have been updated.,Improved reliability,Weekday schedules have been updated.,Improved reliability,Weekday schedules have been updated.,Improved reliability,Weekday schedules have been updated.,Improved reliability,Weekday schedules have been updated.,Improved reliability,Weekday schedules have been updated.,Improved reliability,Weekday schedules have been updated.,Improved reliability
60,"Weekday, Saturday, and Sunday schedules have been updated.",Improved reliability,,"Weekday, Saturday, and Sunday schedules have been updated.",Improved reliability,"Weekday, Saturday, and Sunday schedules have been updated.",Improved reliability,"Weekday, Saturday, and Sunday schedules have been updated.",Improved reliability,"Weekday, Saturday, and Sunday schedules have been updated.",Improved reliability,"Weekday, Saturday, and Sunday schedules have been updated.",Improved reliability,"Weekday, Saturday, and Sunday schedules have been updated.",Improved reliability,"Weekday, Saturday, and Sunday schedules have been updated.",Improved reliability,"Weekday, Saturday, and Sunday schedules have been updated.",Improved reliability
62,Sunday schedules have been updated.,Improved reliability,,Sunday schedules have been updated.,Improved reliability,Sunday schedules have been updated.,Improved reliability,Sunday schedules have been updated.,Improved reliability,Sunday schedules have been updated.,Improved reliability,Sunday schedules have been updated.,Improved reliability,Sunday schedules have been updated.,Improved reliability,Sunday schedules have been updated.,Improved reliability,Sunday schedules have been updated.,Improved reliability
66,"Weekday, Saturday, and Sunday schedules have been updated.",Improved reliability,,"Weekday, Saturday, and Sunday schedules have been updated.",Improved reliability,"Weekday, Saturday, and Sunday schedules have been updated.",Improved reliability,"Weekday, Saturday, and Sunday schedules have been updated.",Improved reliability,"Weekday, Saturday, and Sunday schedules have been updated.",Improved reliability,"Weekday, Saturday, and Sunday schedules have been updated.",Improved reliability,"Weekday, Saturday, and Sunday schedules have been updated.",Improved reliability,"Weekday, Saturday, and Sunday schedules have been updated.",Improved reliability,"Weekday, Saturday, and Sunday schedules have been updated.",Improved reliability
70,Weekday schedules have been updated.,Improved reliability,,Weekday schedules have been updated.,Improved reliability,Weekday schedules have been updated.,Improved reliability,Weekday schedules have been updated.,Improved reliability,Weekday schedules have been updated.,Improved reliability,Weekday schedules have been updated.,Improved reliability,Weekday schedules have been updated.,Improved reliability,Weekday schedules have been updated.,Improved reliability,Weekday schedules have been updated.,Improved reliability
76,"Weekday, Saturday, and Sunday schedules have been updated.",Improved reliability,,"Weekday, Saturday, and Sunday schedules have been updated.",Improved reliability,"Weekday, Saturday, and Sunday schedules have been updated.",Improved reliability,"Weekday, Saturday, and Sunday schedules have been updated.",Improved reliability,"Weekday, Saturday, and Sunday schedules have been updated.",Improved reliability,"Weekday, Saturday, and Sunday schedules have been updated.",Improved reliability,"Weekday, Saturday, and Sunday schedules have been updated.",Improved reliability,"Weekday, Saturday, and Sunday schedules have been updated.",Improved reliability,"Weekday, Saturday, and Sunday schedules have been updated.",Improved reliability
78,Line 78 adjusted to operate every 20 minutes on weekends,Align service with ridership levels and NextGen Bus Plan.,,Line 78 adjusted to operate every 20 minutes on weekends,Align service with ridership levels and NextGen Bus Plan.,Line 78 adjusted to operate every 20 minutes on weekends,Align service with ridership levels and NextGen Bus Plan.,Line 78 adjusted to operate every 20 minutes on weekends,Align service with ridership levels and NextGen Bus Plan.,Line 78 adjusted to operate every 20 minutes on weekends,Align service with ridership levels and NextGen Bus Plan.,Line 78 adjusted to operate every 20 minutes on weekends,Align service with ridership levels and NextGen Bus Plan.,Line 78 adjusted to operate every 20 minutes on weekends,Align service with ridership levels and NextGen Bus Plan.,Line 78 adjusted to operate every 20 minutes on weekends,Align service with ridership levels and NextGen Bus Plan.,Line 78 adjusted to operate every 20 minutes on weekends,Align service with ridership levels and NextGen Bus Plan.
78,"Weekday, Saturday, and Sunday schedules have been updated.",Improved reliability,,"Weekday, Saturday, and Sunday schedules have been updated.",Improved reliability,"Weekday, Saturday, and Sunday schedules have been updated.",Improved reliability,"Weekday, Saturday, and Sunday schedules have been updated.",Improved reliability,"Weekday, Saturday, and Sunday schedules have been updated.",Improved reliability,"Weekday, Saturday, and Sunday schedules have been updated.",Improved reliability,"Weekday, Saturday, and Sunday schedules have been updated.",Improved reliability,"Weekday, Saturday, and Sunday schedules have been updated.",Improved reliability,"Weekday, Saturday, and Sunday schedules have been updated.",Improved reliability
81,"Weekday, Saturday, and Sunday schedules have been updated.",Improved reliability,,"Weekday, Saturday, and Sunday schedules have been updated.",Improved reliability,"Weekday, Saturday, and Sunday schedules have been updated.",Improved reliability,"Weekday, Saturday, and Sunday schedules have been updated.",Improved reliability,"Weekday, Saturday, and Sunday schedules have been updated.",Improved reliability,"Weekday, Saturday, and Sunday schedules have been updated.",Improved reliability,"Weekday, Saturday, and Sunday schedules have been updated.",Improved reliability,"Weekday, Saturday, and Sunday schedules have been updated.",Improved reliability,"Weekday, Saturday, and Sunday schedules have been updated.",Improved reliability
90,Weekday schedules have been updated.,Improved reliability,,Weekday schedules have been updated.,Improved reliability,Weekday schedules have been updated.,Improved reliability,Weekday schedules have been updated.,Improved reliability,Weekday schedules have been updated.,Improved reliability,Weekday schedules have been updated.,Improved reliability,Weekday schedules have been updated.,Improved reliability,Weekday schedules have been updated.,Improved reliability,Weekday schedules have been updated.,Improved reliability
92,All trips on Line 92 between 9am-6pm weekdays will be extended to serve the Burbank-Sylmar segment. Service on that segment will be increased to operate every 20 minutes.,Improved frequency to reduce rider wait times weekdays between Burbank and Sylmar.,,All trips on Line 92 between 9am-6pm weekdays will be extended to serve the Burbank-Sylmar segment. Service on that segment will be increased to operate every 20 minutes.,Improved frequency to reduce rider wait times weekdays between Burbank and Sylmar.,All trips on Line 92 between 9am-6pm weekdays will be extended to serve the Burbank-Sylmar segment. Service on that segment will be increased to operate every 20 minutes.,Improved frequency to reduce rider wait times weekdays between Burbank and Sylmar.,All trips on Line 92 between 9am-6pm weekdays will be extended to serve the Burbank-Sylmar segment. Service on that segment will be increased to operate every 20 minutes.,Improved frequency to reduce rider wait times weekdays between Burbank and Sylmar.,All trips on Line 92 between 9am-6pm weekdays will be extended to serve the Burbank-Sylmar segment. Service on that segment will be increased to operate every 20 minutes.,Improved frequency to reduce rider wait times weekdays between Burbank and Sylmar.,All trips on Line 92 between 9am-6pm weekdays will be extended to serve the Burbank-Sylmar segment. Service on that segment will be increased to operate every 20 minutes.,Improved frequency to reduce rider wait times weekdays between Burbank and Sylmar.,All trips on Line 92 between 9am-6pm weekdays will be extended to serve the Burbank-Sylmar segment. Service on that segment will be increased to operate every 20 minutes.,Improved frequency to reduce rider wait times weekdays between Burbank and Sylmar.,All trips on Line 92 between 9am-6pm weekdays will be extended to serve the Burbank-Sylmar segment. Service on that segment will be increased to operate every 20 minutes.,Improved frequency to reduce rider wait times weekdays between Burbank and Sylmar.,All trips on Line 92 between 9am-6pm weekdays will be extended to serve the Burbank-Sylmar segment. Service on that segment will be increased to operate every 20 minutes.,Improved frequency to reduce rider wait times weekdays between Burbank and Sylmar.
92,New stop on Line 92 added southbound on Spring St nearside 6th St.,Improve access to Downtown LA.,,New stop on Line 92 added southbound on Spring St nearside 6th St.,Improve access to Downtown LA.,New stop on Line 92 added southbound on Spring St nearside 6th St.,Improve access to Downtown LA.,New stop on Line 92 added southbound on Spring St nearside 6th St.,Improve access to Downtown LA.,New stop on Line 92 added southbound on Spring St nearside 6th St.,Improve access to Downtown LA.,New stop on Line 92 added southbound on Spring St nearside 6th St.,Improve access to Downtown LA.,New stop on Line 92 added southbound on Spring St nearside 6th St.,Improve access to Downtown LA.,New stop on Line 92 added southbound on Spring St nearside 6th St.,Improve access to Downtown LA.,New stop on Line 92 added southbound on Spring St nearside 6th St.,Improve access to Downtown LA.
94,Weekday and Saturday schedules have been updated.,Improved reliability,,Weekday and Saturday schedules have been updated.,Improved reliability,Weekday and Saturday schedules have been updated.,Improved reliability,Weekday and Saturday schedules have been updated.,Improved reliability,Weekday and Saturday schedules have been updated.,Improved reliability,Weekday and Saturday schedules have been updated.,Improved reliability,Weekday and Saturday schedules have been updated.,Improved reliability,Weekday and Saturday schedules have been updated.,Improved reliability,Weekday and Saturday schedules have been updated.,Improved reliability
102,"Weekday, Saturday, and Sunday schedules have been updated.",Improved reliability,,"Weekday, Saturday, and Sunday schedules have been updated.",Improved reliability,"Weekday, Saturday, and Sunday schedules have been updated.",Improved reliability,"Weekday, Saturday, and Sunday schedules have been updated.",Improved reliability,"Weekday, Saturday, and Sunday schedules have been updated.",Improved reliability,"Weekday, Saturday, and Sunday schedules have been updated.",Improved reliability,"Weekday, Saturday, and Sunday schedules have been updated.",Improved reliability,"Weekday, Saturday, and Sunday schedules have been updated.",Improved reliability,"Weekday, Saturday, and Sunday schedules have been updated.",Improved reliability
106,Weekday schedules have been updated.,Improved reliability,,Weekday schedules have been updated.,Improved reliability,Weekday schedules have been updated.,Improved reliability,Weekday schedules have been updated.,Improved reliability,Weekday schedules have been updated.,Improved reliability,Weekday schedules have been updated.,Improved reliability,Weekday schedules have been updated.,Improved reliability,Weekday schedules have been updated.,Improved reliability,Weekday schedules have been updated.,Improved reliability
108,Saturday schedules have been updated.,Improved reliability,,Saturday schedules have been updated.,Improved reliability,Saturday schedules have been updated.,Improved reliability,Saturday schedules have been updated.,Improved reliability,Saturday schedules have been updated.,Improved reliability,Saturday schedules have been updated.,Improved reliability,Saturday schedules have been updated.,Improved reliability,Saturday schedules have been updated.,Improved reliability,Saturday schedules have been updated.,Improved reliability
110,Weekday schedules have been updated.,Improved reliability,,Weekday schedules have been updated.,Improved reliability,Weekday schedules have been updated.,Improved reliability,Weekday schedules have been updated.,Improved reliability,Weekday schedules have been updated.,Improved reliability,Weekday schedules have been updated.,Improved reliability,Weekday schedules have been updated.,Improved reliability,Weekday schedules have been updated.,Improved reliability,Weekday schedules have been updated.,Improved reliability
111,"Line 111 will now travel to/from LAX City Bus Center via Arbor Vitae and Jetway, no longer serving 96th St. and Airport Bl.",Long term reroute to avoid streets closed by construction.,Line 111.png,"Line 111 will now travel to/from LAX City Bus Center via Arbor Vitae and Jetway, no longer serving 96th St. and Airport Bl.",Long term reroute to avoid streets closed by construction.,"Line 111 will now travel to/from LAX City Bus Center via Arbor Vitae and Jetway, no longer serving 96th St. and Airport Bl.",Long term reroute to avoid streets closed by construction.,"Line 111 will now travel to/from LAX City Bus Center via Arbor Vitae and Jetway, no longer serving 96th St. and Airport Bl.",Long term reroute to avoid streets closed by construction.,"Line 111 will now travel to/from LAX City Bus Center via Arbor Vitae and Jetway, no longer serving 96th St. and Airport Bl.",Long term reroute to avoid streets closed by construction.,"Line 111 will now travel to/from LAX City Bus Center via Arbor Vitae and Jetway, no longer serving 96th St. and Airport Bl.",Long term reroute to avoid streets closed by construction.,"Line 111 will now travel to/from LAX City Bus Center via Arbor Vitae and Jetway, no longer serving 96th St. and Airport Bl.",Long term reroute to avoid streets closed by construction.,"Line 111 will now travel to/from LAX City Bus Center via Arbor Vitae and Jetway, no longer serving 96th St. and Airport Bl.",Long term reroute to avoid streets closed by construction.,"Line 111 will now travel to/from LAX City Bus Center via Arbor Vitae and Jetway, no longer serving 96th St. and Airport Bl.",Long term reroute to avoid streets closed by construction.
111,"Weekday, Saturday, and Sunday schedules have been updated.",Improved reliability,,"Weekday, Saturday, and Sunday schedules have been updated.",Improved reliability,"Weekday, Saturday, and Sunday schedules have been updated.",Improved reliability,"Weekday, Saturday, and Sunday schedules have been updated.",Improved reliability,"Weekday, Saturday, and Sunday schedules have been updated.",Improved reliability,"Weekday, Saturday, and Sunday schedules have been updated.",Improved reliability,"Weekday, Saturday, and Sunday schedules have been updated.",Improved reliability,"Weekday, Saturday, and Sunday schedules have been updated.",Improved reliability,"Weekday, Saturday, and Sunday schedules have been updated.",Improved reliability
115,"Line 115 buses will turn around at Playa Del Rey via Vista Del Mar, Pacific Av, and Culver Bl.",Restore shorter route for riders after construction completed.,,"Line 115 buses will turn around at Playa Del Rey via Vista Del Mar, Pacific Av, and Culver Bl.",Restore shorter route for riders after construction completed.,"Line 115 buses will turn around at Playa Del Rey via Vista Del Mar, Pacific Av, and Culver Bl.",Restore shorter route for riders after construction completed.,"Line 115 buses will turn around at Playa Del Rey via Vista Del Mar, Pacific Av, and Culver Bl.",Restore shorter route for riders after construction completed.,"Line 115 buses will turn around at Playa Del Rey via Vista Del Mar, Pacific Av, and Culver Bl.",Restore shorter route for riders after construction completed.,"Line 115 buses will turn around at Playa Del Rey via Vista Del Mar, Pacific Av, and Culver Bl.",Restore shorter route for riders after construction completed.,"Line 115 buses will turn around at Playa Del Rey via Vista Del Mar, Pacific Av, and Culver Bl.",Restore shorter route for riders after construction completed.,"Line 115 buses will turn around at Playa Del Rey via Vista Del Mar, Pacific Av, and Culver Bl.",Restore shorter route for riders after construction completed.,"Line 115 buses will turn around at Playa Del Rey via Vista Del Mar, Pacific Av, and Culver Bl.",Restore shorter route for riders after construction completed.
120,Weekday schedules have been updated.,Improved reliability,,Weekday schedules have been updated.,Improved reliability,Weekday schedules have been updated.,Improved reliability,Weekday schedules have been updated.,Improved reliability,Weekday schedules have been updated.,Improved reliability,Weekday schedules have been updated.,Improved reliability,Weekday schedules have been updated.,Improved reliability,Weekday schedules have been updated.,Improved reliability,Weekday schedules have been updated.,Improved reliability
128,Saturday and Sunday schedules have been updated.,Improved reliability,,Saturday and Sunday schedules have been updated.,Improved reliability,Saturday and Sunday schedules have been updated.,Improved reliability,Saturday and Sunday schedules have been updated.,Improved reliability,Saturday and Sunday schedules have been updated.,Improved reliability,Saturday and Sunday schedules have been updated.,Improved reliability,Saturday and Sunday schedules have been updated.,Improved reliability,Saturday and Sunday schedules have been updated.,Improved reliability,Saturday and Sunday schedules have been updated.,Improved reliability
134,Saturday and Sunday schedules have been updated.,Improved reliability,,Saturday and Sunday schedules have been updated.,Improved reliability,Saturday and Sunday schedules have been updated.,Improved reliability,Saturday and Sunday schedules have been updated.,Improved reliability,Saturday and Sunday schedules have been updated.,Improved reliability,Saturday and Sunday schedules have been updated.,Improved reliability,Saturday and Sunday schedules have been updated.,Improved reliability,Saturday and Sunday schedules have been updated.,Improved reliability,Saturday and Sunday schedules have been updated.,Improved reliability
150,"Weekday, Saturday, and Sunday schedules have been updated.",Improved reliability,,"Weekday, Saturday, and Sunday schedules have been updated.",Improved reliability,"Weekday, Saturday, and Sunday schedules have been updated.",Improved reliability,"Weekday, Saturday, and Sunday schedules have been updated.",Improved reliability,"Weekday, Saturday, and Sunday schedules have been updated.",Improved reliability,"Weekday, Saturday, and Sunday schedules have been updated.",Improved reliability,"Weekday, Saturday, and Sunday schedules have been updated.",Improved reliability,"Weekday, Saturday, and Sunday schedules have been updated.",Improved reliability,"Weekday, Saturday, and Sunday schedules have been updated.",Improved reliability
152,"Weekday, Saturday, and Sunday schedules have been updated.",Improved reliability,,"Weekday, Saturday, and Sunday schedules have been updated.",Improved reliability,"Weekday, Saturday, and Sunday schedules have been updated.",Improved reliability,"Weekday, Saturday, and Sunday schedules have been updated.",Improved reliability,"Weekday, Saturday, and Sunday schedules have been updated.",Improved reliability,"Weekday, Saturday, and Sunday schedules have been updated.",Improved reliability,"Weekday, Saturday, and Sunday schedules have been updated.",Improved reliability,"Weekday, Saturday, and Sunday schedules have been updated.",Improved reliability,"Weekday, Saturday, and Sunday schedules have been updated.",Improved reliability
155,Weekday schedules have been updated.,Improved reliability,,Weekday schedules have been updated.,Improved reliability,Weekday schedules have been updated.,Improved reliability,Weekday schedules have been updated.,Improved reliability,Weekday schedules have been updated.,Improved reliability,Weekday schedules have been updated.,Improved reliability,Weekday schedules have been updated.,Improved reliability,Weekday schedules have been updated.,Improved reliability,Weekday schedules have been updated.,Improved reliability
161,Weekday schedules have been updated.,Improved reliability,,Weekday schedules have been updated.,Improved reliability,Weekday schedules have been updated.,Improved reliability,Weekday schedules have been updated.,Improved reliability,Weekday schedules have been updated.,Improved reliability,Weekday schedules have been updated.,Improved reliability,Weekday schedules have been updated.,Improved reliability,Weekday schedules have been updated.,Improved reliability,Weekday schedules have been updated.,Improved reliability
162,Weekday schedules have been updated.,Improved reliability,,Weekday schedules have been updated.,Improved reliability,Weekday schedules have been updated.,Improved reliability,Weekday schedules have been updated.,Improved reliability,Weekday schedules have been updated.,Improved reliability,Weekday schedules have been updated.,Improved reliability,Weekday schedules have been updated.,Improved reliability,Weekday schedules have been updated.,Improved reliability,Weekday schedules have been updated.,Improved reliability
164,"Minor weekday frequency changes, please check schedule.",Align with ridership levels,,"Minor weekday frequency changes, please check schedule.",Align with ridership levels,"Minor weekday frequency changes, please check schedule.",Align with ridership levels,"Minor weekday frequency changes, please check schedule.",Align with ridership levels,"Minor weekday frequency changes, please check schedule.",Align with ridership levels,"Minor weekday frequency changes, please check schedule.",Align with ridership levels,"Minor weekday frequency changes, please check schedule.",Align with ridership levels,"Minor weekday frequency changes, please check schedule.",Align with ridership levels,"Minor weekday frequency changes, please check schedule.",Align with ridership levels
166,"Weekday, Saturday, and Sunday schedules have been updated.",Improved reliability,,"Weekday, Saturday, and Sunday schedules have been updated.",Improved reliability,"Weekday, Saturday, and Sunday schedules have been updated.",Improved reliability,"Weekday, Saturday, and Sunday schedules have been updated.",Improved reliability,"Weekday, Saturday, and Sunday schedules have been updated.",Improved reliability,"Weekday, Saturday, and Sunday schedules have been updated.",Improved reliability,"Weekday, Saturday, and Sunday schedules have been updated.",Improved reliability,"Weekday, Saturday, and Sunday schedules have been updated.",Improved reliability,"Weekday, Saturday, and Sunday schedules have been updated.",Improved reliability
167,Weekday schedules have been updated.,Improved reliability,,Weekday schedules have been updated.,Improved reliability,Weekday schedules have been updated.,Improved reliability,Weekday schedules have been updated.,Improved reliability,Weekday schedules have been updated.,Improved reliability,Weekday schedules have been updated.,Improved reliability,Weekday schedules have been updated.,Improved reliability,Weekday schedules have been updated.,Improved reliability,Weekday schedules have been updated.,Improved reliability
169,Weekend service on Line 169 will extend beyond Saticoy St/Topanga Canyon Bl to Canoga Station.,Improve weekend service for the Valley Circle area.,,Weekend service on Line 169 will extend beyond Saticoy St/Topanga Canyon Bl to Canoga Station.,Improve weekend service for the Valley Circle area.,Weekend service on Line 169 will extend beyond Saticoy St/Topanga Canyon Bl to Canoga Station.,Improve weekend service for the Valley Circle area.,Weekend service on Line 169 will extend beyond Saticoy St/Topanga Canyon Bl to Canoga Station.,Improve weekend service for the Valley Circle area.,Weekend service on Line 169 will extend beyond Saticoy St/Topanga Canyon Bl to Canoga Station.,Improve weekend service for the Valley Circle area.,Weekend service on Line 169 will extend beyond Saticoy St/Topanga Canyon Bl to Canoga Station.,Improve weekend service for the Valley Circle area.,Weekend service on Line 169 will extend beyond Saticoy St/Topanga Canyon Bl to Canoga Station.,Improve weekend service for the Valley Circle area.,Weekend service on Line 169 will extend beyond Saticoy St/Topanga Canyon Bl to Canoga Station.,Improve weekend service for the Valley Circle area.,Weekend service on Line 169 will extend beyond Saticoy St/Topanga Canyon Bl to Canoga Station.,Improve weekend service for the Valley Circle area.
169,"Weekday, Saturday, and Sunday schedules have been updated.",Improved reliability,,"Weekday, Saturday, and Sunday schedules have been updated.",Improved reliability,"Weekday, Saturday, and Sunday schedules have been updated.",Improved reliability,"Weekday, Saturday, and Sunday schedules have been updated.",Improved reliability,"Weekday, Saturday, and Sunday schedules have been updated.",Improved reliability,"Weekday, Saturday, and Sunday schedules have been updated.",Improved reliability,"Weekday, Saturday, and Sunday schedules have been updated.",Improved reliability,"Weekday, Saturday, and Sunday schedules have been updated.",Improved reliability,"Weekday, Saturday, and Sunday schedules have been updated.",Improved reliability
177,New terminus for Line 177 on Wilson Av northbound near Del Mar Bl.,Move away from residential buildings to location adjacent to Caltech Campus.,Line 177.jpg,New terminus for Line 177 on Wilson Av northbound near Del Mar Bl.,Move away from residential buildings to location adjacent to Caltech Campus.,New terminus for Line 177 on Wilson Av northbound near Del Mar Bl.,Move away from residential buildings to location adjacent to Caltech Campus.,New terminus for Line 177 on Wilson Av northbound near Del Mar Bl.,Move away from residential buildings to location adjacent to Caltech Campus.,New terminus for Line 177 on Wilson Av northbound near Del Mar Bl.,Move away from residential buildings to location adjacent to Caltech Campus.,New terminus for Line 177 on Wilson Av northbound near Del Mar Bl.,Move away from residential buildings to location adjacent to Caltech Campus.,New terminus for Line 177 on Wilson Av northbound near Del Mar Bl.,Move away from residential buildings to location adjacent to Caltech Campus.,New terminus for Line 177 on Wilson Av northbound near Del Mar Bl.,Move away from residential buildings to location adjacent to Caltech Campus.,New terminus for Line 177 on Wilson Av northbound near Del Mar Bl.,Move away from residential buildings to location adjacent to Caltech Campus.
177,Weekday schedules have been updated.,Improved reliability,,Weekday schedules have been updated.,Improved reliability,Weekday schedules have been updated.,Improved reliability,Weekday schedules have been updated.,Improved reliability,Weekday schedules have been updated.,Improved reliability,Weekday schedules have been updated.,Improved reliability,Weekday schedules have been updated.,Improved reliability,Weekday schedules have been updated.,Improved reliability,Weekday schedules have been updated.,Improved reliability
179,Late evening trips on Line 179 via Huntington Dr extended to match daytime trips.,Improve late evening service,Line 179.jpg,Late evening trips on Line 179 via Huntington Dr extended to match daytime trips.,Improve late evening service,Late evening trips on Line 179 via Huntington Dr extended to match daytime trips.,Improve late evening service,Late evening trips on Line 179 via Huntington Dr extended to match daytime trips.,Improve late evening service,Late evening trips on Line 179 via Huntington Dr extended to match daytime trips.,Improve late evening service,Late evening trips on Line 179 via Huntington Dr extended to match daytime trips.,Improve late evening service,Late evening trips on Line 179 via Huntington Dr extended to match daytime trips.,Improve late evening service,Late evening trips on Line 179 via Huntington Dr extended to match daytime trips.,Improve late evening service,Late evening trips on Line 179 via Huntington Dr extended to match daytime trips.,Improve late evening service
179,"Minor weekday frequency changes, please check schedule.",Align with ridership levels,,"Minor weekday frequency changes, please check schedule.",Align with ridership levels,"Minor weekday frequency changes, please check schedule.",Align with ridership levels,"Minor weekday frequency changes, please check schedule.",Align with ridership levels,"Minor weekday frequency changes, please check schedule.",Align with ridership levels,"Minor weekday frequency changes, please check schedule.",Align with ridership levels,"Minor weekday frequency changes, please check schedule.",Align with ridership levels,"Minor weekday frequency changes, please check schedule.",Align with ridership levels,"Minor weekday frequency changes, please check schedule.",Align with ridership levels
180,Westbound stop at Broadway/Artsakh is being discontinued. Alternative stops are located at Broadway/Louise and Brand/Broadway.,Allow buses enough distance to turn left from westbound Broadway to southbound Brand.,Line 180.jpg,Westbound stop at Broadway/Artsakh is being discontinued. Alternative stops are located at Broadway/Louise and Brand/Broadway.,Allow buses enough distance to turn left from westbound Broadway to southbound Brand.,Westbound stop at Broadway/Artsakh is being discontinued. Alternative stops are located at Broadway/Louise and Brand/Broadway.,Allow buses enough distance to turn left from westbound Broadway to southbound Brand.,Westbound stop at Broadway/Artsakh is being discontinued. Alternative stops are located at Broadway/Louise and Brand/Broadway.,Allow buses enough distance to turn left from westbound Broadway to southbound Brand.,Westbound stop at Broadway/Artsakh is being discontinued. Alternative stops are located at Broadway/Louise and Brand/Broadway.,Allow buses enough distance to turn left from westbound Broadway to southbound Brand.,Westbound stop at Broadway/Artsakh is being discontinued. Alternative stops are located at Broadway/Louise and Brand/Broadway.,Allow buses enough distance to turn left from westbound Broadway to southbound Brand.,Westbound stop at Broadway/Artsakh is being discontinued. Alternative stops are located at Broadway/Louise and Brand/Broadway.,Allow buses enough distance to turn left from westbound Broadway to southbound Brand.,Westbound stop at Broadway/Artsakh is being discontinued. Alternative stops are located at Broadway/Louise and Brand/Broadway.,Allow buses enough distance to turn left from westbound Broadway to southbound Brand.,Westbound stop at Broadway/Artsakh is being discontinued. Alternative stops are located at Broadway/Louise and Brand/Broadway.,Allow buses enough distance to turn left from westbound Broadway to southbound Brand.
180,"Weekday, Saturday, and Sunday schedules have been updated.",Improved reliability,,"Weekday, Saturday, and Sunday schedules have been updated.",Improved reliability,"Weekday, Saturday, and Sunday schedules have been updated.",Improved reliability,"Weekday, Saturday, and Sunday schedules have been updated.",Improved reliability,"Weekday, Saturday, and Sunday schedules have been updated.",Improved reliability,"Weekday, Saturday, and Sunday schedules have been updated.",Improved reliability,"Weekday, Saturday, and Sunday schedules have been updated.",Improved reliability,"Weekday, Saturday, and Sunday schedules have been updated.",Improved reliability,"Weekday, Saturday, and Sunday schedules have been updated.",Improved reliability
182,"Weekday, Saturday, and Sunday schedules have been updated.",Improved reliability,,"Weekday, Saturday, and Sunday schedules have been updated.",Improved reliability,"Weekday, Saturday, and Sunday schedules have been updated.",Improved reliability,"Weekday, Saturday, and Sunday schedules have been updated.",Improved reliability,"Weekday, Saturday, and Sunday schedules have been updated.",Improved reliability,"Weekday, Saturday, and Sunday schedules have been updated.",Improved reliability,"Weekday, Saturday, and Sunday schedules have been updated.",Improved reliability,"Weekday, Saturday, and Sunday schedules have been updated.",Improved reliability,"Weekday, Saturday, and Sunday schedules have been updated.",Improved reliability
205,Last southbound trip on Line 205 extended to San Pedro weekdays and weekends.,Improve late night access for riders to San Pedro,,Last southbound trip on Line 205 extended to San Pedro weekdays and weekends.,Improve late night access for riders to San Pedro,Last southbound trip on Line 205 extended to San Pedro weekdays and weekends.,Improve late night access for riders to San Pedro,Last southbound trip on Line 205 extended to San Pedro weekdays and weekends.,Improve late night access for riders to San Pedro,Last southbound trip on Line 205 extended to San Pedro weekdays and weekends.,Improve late night access for riders to San Pedro,Last southbound trip on Line 205 extended to San Pedro weekdays and weekends.,Improve late night access for riders to San Pedro,Last southbound trip on Line 205 extended to San Pedro weekdays and weekends.,Improve late night access for riders to San Pedro,Last southbound trip on Line 205 extended to San Pedro weekdays and weekends.,Improve late night access for riders to San Pedro,Last southbound trip on Line 205 extended to San Pedro weekdays and weekends.,Improve late night access for riders to San Pedro
205,"Weekday, Saturday, and Sunday schedules have been updated.",Improved reliability,,"Weekday, Saturday, and Sunday schedules have been updated.",Improved reliability,"Weekday, Saturday, and Sunday schedules have been updated.",Improved reliability,"Weekday, Saturday, and Sunday schedules have been updated.",Improved reliability,"Weekday, Saturday, and Sunday schedules have been updated.",Improved reliability,"Weekday, Saturday, and Sunday schedules have been updated.",Improved reliability,"Weekday, Saturday, and Sunday schedules have been updated.",Improved reliability,"Weekday, Saturday, and Sunday schedules have been updated.",Improved reliability,"Weekday, Saturday, and Sunday schedules have been updated.",Improved reliability
206,"Weekday, Saturday, and Sunday schedules have been updated.",Improved reliability,,"Weekday, Saturday, and Sunday schedules have been updated.",Improved reliability,"Weekday, Saturday, and Sunday schedules have been updated.",Improved reliability,"Weekday, Saturday, and Sunday schedules have been updated.",Improved reliability,"Weekday, Saturday, and Sunday schedules have been updated.",Improved reliability,"Weekday, Saturday, and Sunday schedules have been updated.",Improved reliability,"Weekday, Saturday, and Sunday schedules have been updated.",Improved reliability,"Weekday, Saturday, and Sunday schedules have been updated.",Improved reliability,"Weekday, Saturday, and Sunday schedules have been updated.",Improved reliability
207,Weekday schedules have been updated.,Improved reliability,,Weekday schedules have been updated.,Improved reliability,Weekday schedules have been updated.,Improved reliability,Weekday schedules have been updated.,Improved reliability,Weekday schedules have been updated.,Improved reliability,Weekday schedules have been updated.,Improved reliability,Weekday schedules have been updated.,Improved reliability,Weekday schedules have been updated.,Improved reliability,Weekday schedules have been updated.,Improved reliability
207,"Minor Saturday and Sunday frequency changes, please check schedule.",Align with ridership levels,,"Minor Saturday and Sunday frequency changes, please check schedule.",Align with ridership levels,"Minor Saturday and Sunday frequency changes, please check schedule.",Align with ridership levels,"Minor Saturday and Sunday frequency changes, please check schedule.",Align with ridership levels,"Minor Saturday and Sunday frequency changes, please check schedule.",Align with ridership levels,"Minor Saturday and Sunday frequency changes, please check schedule.",Align with ridership levels,"Minor Saturday and Sunday frequency changes, please check schedule.",Align with ridership levels,"Minor Saturday and Sunday frequency changes, please check schedule.",Align with ridership levels,"Minor Saturday and Sunday frequency changes, please check schedule.",Align with ridership levels
210,"Weekday, Saturday, and Sunday schedules have been updated.",Improved reliability,,"Weekday, Saturday, and Sunday schedules have been updated.",Improved reliability,"Weekday, Saturday, and Sunday schedules have been updated.",Improved reliability,"Weekday, Saturday, and Sunday schedules have been updated.",Improved reliability,"Weekday, Saturday, and Sunday schedules have been updated.",Improved reliability,"Weekday, Saturday, and Sunday schedules have been updated.",Improved reliability,"Weekday, Saturday, and Sunday schedules have been updated.",Improved reliability,"Weekday, Saturday, and Sunday schedules have been updated.",Improved reliability,"Weekday, Saturday, and Sunday schedules have been updated.",Improved reliability
211,Weekday schedules have been updated.,Improved reliability,,Weekday schedules have been updated.,Improved reliability,Weekday schedules have been updated.,Improved reliability,Weekday schedules have been updated.,Improved reliability,Weekday schedules have been updated.,Improved reliability,Weekday schedules have been updated.,Improved reliability,Weekday schedules have been updated.,Improved reliability,Weekday schedules have been updated.,Improved reliability,Weekday schedules have been updated.,Improved reliability
212,"Weekday, Saturday, and Sunday schedules have been updated.",Improved reliability,,"Weekday, Saturday, and Sunday schedules have been updated.",Improved reliability,"Weekday, Saturday, and Sunday schedules have been updated.",Improved reliability,"Weekday, Saturday, and Sunday schedules have been updated.",Improved reliability,"Weekday, Saturday, and Sunday schedules have been updated.",Improved reliability,"Weekday, Saturday, and Sunday schedules have been updated.",Improved reliability,"Weekday, Saturday, and Sunday schedules have been updated.",Improved reliability,"Weekday, Saturday, and Sunday schedules have been updated.",Improved reliability,"Weekday, Saturday, and Sunday schedules have been updated.",Improved reliability
215,Weekday schedules have been updated.,Improved reliability,,Weekday schedules have been updated.,Improved reliability,Weekday schedules have been updated.,Improved reliability,Weekday schedules have been updated.,Improved reliability,Weekday schedules have been updated.,Improved reliability,Weekday schedules have been updated.,Improved reliability,Weekday schedules have been updated.,Improved reliability,Weekday schedules have been updated.,Improved reliability,Weekday schedules have been updated.,Improved reliability
217,"Weekday, Saturday, and Sunday schedules have been updated.",Improved reliability,,"Weekday, Saturday, and Sunday schedules have been updated.",Improved reliability,"Weekday, Saturday, and Sunday schedules have been updated.",Improved reliability,"Weekday, Saturday, and Sunday schedules have been updated.",Improved reliability,"Weekday, Saturday, and Sunday schedules have been updated.",Improved reliability,"Weekday, Saturday, and Sunday schedules have been updated.",Improved reliability,"Weekday, Saturday, and Sunday schedules have been updated.",Improved reliability,"Weekday, Saturday, and Sunday schedules have been updated.",Improved reliability,"Weekday, Saturday, and Sunday schedules have been updated.",Improved reliability
232,"Weekday, Saturday, and Sunday schedules have been updated.",Improved reliability,,"Weekday, Saturday, and Sunday schedules have been updated.",Improved reliability,"Weekday, Saturday, and Sunday schedules have been updated.",Improved reliability,"Weekday, Saturday, and Sunday schedules have been updated.",Improved reliability,"Weekday, Saturday, and Sunday schedules have been updated.",Improved reliability,"Weekday, Saturday, and Sunday schedules have been updated.",Improved reliability,"Weekday, Saturday, and Sunday schedules have been updated.",Improved reliability,"Weekday, Saturday, and Sunday schedules have been updated.",Improved reliability,"Weekday, Saturday, and Sunday schedules have been updated.",Improved reliability
233,"Minor weekday frequency changes, please check schedule.",Align with ridership levels,,"Minor weekday frequency changes, please check schedule.",Align with ridership levels,"Minor weekday frequency changes, please check schedule.",Align with ridership levels,"Minor weekday frequency changes, please check schedule.",Align with ridership levels,"Minor weekday frequency changes, please check schedule.",Align with ridership levels,"Minor weekday frequency changes, please check schedule.",Align with ridership levels,"Minor weekday frequency changes, please check schedule.",Align with ridership levels,"Minor weekday frequency changes, please check schedule.",Align with ridership levels,"Minor weekday frequency changes, please check schedule.",Align with ridership levels
234,"Minor weekday, Saturday, and Sunday frequency changes, please check schedule.",Align with ridership levels,,"Minor weekday, Saturday, and Sunday frequency changes, please check schedule.",Align with ridership levels,"Minor weekday, Saturday, and Sunday frequency changes, please check schedule.",Align with ridership levels,"Minor weekday, Saturday, and Sunday frequency changes, please check schedule.",Align with ridership levels,"Minor weekday, Saturday, and Sunday frequency changes, please check schedule.",Align with ridership levels,"Minor weekday, Saturday, and Sunday frequency changes, please check schedule.",Align with ridership levels,"Minor weekday, Saturday, and Sunday frequency changes, please check schedule.",Align with ridership levels,"Minor weekday, Saturday, and Sunday frequency changes, please check schedule.",Align with ridership levels,"Minor weekday, Saturday, and Sunday frequency changes, please check schedule.",Align with ridership levels
235,Weekday schedules have been updated.,Improved reliability,,Weekday schedules have been updated.,Improved reliability,Weekday schedules have been updated.,Improved reliability,Weekday schedules have been updated.,Improved reliability,Weekday schedules have been updated.,Improved reliability,Weekday schedules have been updated.,Improved reliability,Weekday schedules have been updated.,Improved reliability,Weekday schedules have been updated.,Improved reliability,Weekday schedules have been updated.,Improved reliability
236,Weekday and Saturday schedules have been updated.,Improved reliability,,Weekday and Saturday schedules have been updated.,Improved reliability,Weekday and Saturday schedules have been updated.,Improved reliability,Weekday and Saturday schedules have been updated.,Improved reliability,Weekday and Saturday schedules have been updated.,Improved reliability,Weekday and Saturday schedules have been updated.,Improved reliability,Weekday and Saturday schedules have been updated.,Improved reliability,Weekday and Saturday schedules have been updated.,Improved reliability,Weekday and Saturday schedules have been updated.,Improved reliability
240,"Weekday, Saturday, and Sunday schedules have been updated.",Improved reliability,,"Weekday, Saturday, and Sunday schedules have been updated.",Improved reliability,"Weekday, Saturday, and Sunday schedules have been updated.",Improved reliability,"Weekday, Saturday, and Sunday schedules have been updated.",Improved reliability,"Weekday, Saturday, and Sunday schedules have been updated.",Improved reliability,"Weekday, Saturday, and Sunday schedules have been updated.",Improved reliability,"Weekday, Saturday, and Sunday schedules have been updated.",Improved reliability,"Weekday, Saturday, and Sunday schedules have been updated.",Improved reliability,"Weekday, Saturday, and Sunday schedules have been updated.",Improved reliability
242,Weekday schedules have been updated.,Improved reliability,,Weekday schedules have been updated.,Improved reliability,Weekday schedules have been updated.,Improved reliability,Weekday schedules have been updated.,Improved reliability,Weekday schedules have been updated.,Improved reliability,Weekday schedules have been updated.,Improved reliability,Weekday schedules have been updated.,Improved reliability,Weekday schedules have been updated.,Improved reliability,Weekday schedules have been updated.,Improved reliability
243,Weekday schedules have been updated.,Improved reliability,,Weekday schedules have been updated.,Improved reliability,Weekday schedules have been updated.,Improved reliability,Weekday schedules have been updated.,Improved reliability,Weekday schedules have been updated.,Improved reliability,Weekday schedules have been updated.,Improved reliability,Weekday schedules have been updated.,Improved reliability,Weekday schedules have been updated.,Improved reliability,Weekday schedules have been updated.,Improved reliability
244,Weekday schedules have been updated.,Improved reliability,,Weekday schedules have been updated.,Improved reliability,Weekday schedules have been updated.,Improved reliability,Weekday schedules have been updated.,Improved reliability,Weekday schedules have been updated.,Improved reliability,Weekday schedules have been updated.,Improved reliability,Weekday schedules have been updated.,Improved reliability,Weekday schedules have been updated.,Improved reliability,Weekday schedules have been updated.,Improved reliability
246,"Weekday, Saturday, and Sunday schedules have been updated.",Improved reliability,,"Weekday, Saturday, and Sunday schedules have been updated.",Improved reliability,"Weekday, Saturday, and Sunday schedules have been updated.",Improved reliability,"Weekday, Saturday, and Sunday schedules have been updated.",Improved reliability,"Weekday, Saturday, and Sunday schedules have been updated.",Improved reliability,"Weekday, Saturday, and Sunday schedules have been updated.",Improved reliability,"Weekday, Saturday, and Sunday schedules have been updated.",Improved reliability,"Weekday, Saturday, and Sunday schedules have been updated.",Improved reliability,"Weekday, Saturday, and Sunday schedules have been updated.",Improved reliability
251,More frequent Line 251 weekday service to Eagle Rock. Adjusted other segment frequencies.,Respond to rider requests for more service to Eagle Rock. Align service to ridership levels and NextGen Bus Plan.,,More frequent Line 251 weekday service to Eagle Rock. Adjusted other segment frequencies.,Respond to rider requests for more service to Eagle Rock. Align service to ridership levels and NextGen Bus Plan.,More frequent Line 251 weekday service to Eagle Rock. Adjusted other segment frequencies.,Respond to rider requests for more service to Eagle Rock. Align service to ridership levels and NextGen Bus Plan.,More frequent Line 251 weekday service to Eagle Rock. Adjusted other segment frequencies.,Respond to rider requests for more service to Eagle Rock. Align service to ridership levels and NextGen Bus Plan.,More frequent Line 251 weekday service to Eagle Rock. Adjusted other segment frequencies.,Respond to rider requests for more service to Eagle Rock. Align service to ridership levels and NextGen Bus Plan.,More frequent Line 251 weekday service to Eagle Rock. Adjusted other segment frequencies.,Respond to rider requests for more service to Eagle Rock. Align service to ridership levels and NextGen Bus Plan.,More frequent Line 251 weekday service to Eagle Rock. Adjusted other segment frequencies.,Respond to rider requests for more service to Eagle Rock. Align service to ridership levels and NextGen Bus Plan.,More frequent Line 251 weekday service to Eagle Rock. Adjusted other segment frequencies.,Respond to rider requests for more service to Eagle Rock. Align service to ridership levels and NextGen Bus Plan.,More frequent Line 251 weekday service to Eagle Rock. Adjusted other segment frequencies.,Respond to rider requests for more service to Eagle Rock. Align service to ridership levels and NextGen Bus Plan.
251,"Weekday, Saturday, and Sunday schedules have been updated.",Improved reliability,,"Weekday, Saturday, and Sunday schedules have been updated.",Improved reliability,"Weekday, Saturday, and Sunday schedules have been updated.",Improved reliability,"Weekday, Saturday, and Sunday schedules have been updated.",Improved reliability,"Weekday, Saturday, and Sunday schedules have been updated.",Improved reliability,"Weekday, Saturday, and Sunday schedules have been updated.",Improved reliability,"Weekday, Saturday, and Sunday schedules have been updated.",Improved reliability,"Weekday, Saturday, and Sunday schedules have been updated.",Improved reliability,"Weekday, Saturday, and Sunday schedules have been updated.",Improved reliability
256,"The Line 256 will operate the current route between Pasadena (Sierra Madre Villa Station) and Highland Park Station. The low ridership segment of Line 256 between Highland Park Station and Rose Hill Transit Center via Collis Av will be discontinued, with Metro Micro ridershare service available in this area.  Line 665 will extend north from CalState LA to Rose Hill Transit Center with expanded hours of service, replacing Line 256 in this area.","Line 256 will focus on serving the Pasadena - Highland Park segment. Line 665 will extend north, to Rose Hill Transit Center, providing riders improved connections between East LA with El Sereno.",Line 256.jpg,"The Line 256 will operate the current route between Pasadena (Sierra Madre Villa Station) and Highland Park Station. The low ridership segment of Line 256 between Highland Park Station and Rose Hill Transit Center via Collis Av will be discontinued, with Metro Micro ridershare service available in this area.  Line 665 will extend north from CalState LA to Rose Hill Transit Center with expanded hours of service, replacing Line 256 in this area.","Line 256 will focus on serving the Pasadena - Highland Park segment. Line 665 will extend north, to Rose Hill Transit Center, providing riders improved connections between East LA with El Sereno.","The Line 256 will operate the current route between Pasadena (Sierra Madre Villa Station) and Highland Park Station. The low ridership segment of Line 256 between Highland Park Station and Rose Hill Transit Center via Collis Av will be discontinued, with Metro Micro ridershare service available in this area.  Line 665 will extend north from CalState LA to Rose Hill Transit Center with expanded hours of service, replacing Line 256 in this area.","Line 256 will focus on serving the Pasadena - Highland Park segment. Line 665 will extend north, to Rose Hill Transit Center, providing riders improved connections between East LA with El Sereno.","The Line 256 will operate the current route between Pasadena (Sierra Madre Villa Station) and Highland Park Station. The low ridership segment of Line 256 between Highland Park Station and Rose Hill Transit Center via Collis Av will be discontinued, with Metro Micro ridershare service available in this area.  Line 665 will extend north from CalState LA to Rose Hill Transit Center with expanded hours of service, replacing Line 256 in this area.","Line 256 will focus on serving the Pasadena - Highland Park segment. Line 665 will extend north, to Rose Hill Transit Center, providing riders improved connections between East LA with El Sereno.","The Line 256 will operate the current route between Pasadena (Sierra Madre Villa Station) and Highland Park Station. The low ridership segment of Line 256 between Highland Park Station and Rose Hill Transit Center via Collis Av will be discontinued, with Metro Micro ridershare service available in this area.  Line 665 will extend north from CalState LA to Rose Hill Transit Center with expanded hours of service, replacing Line 256 in this area.","Line 256 will focus on serving the Pasadena - Highland Park segment. Line 665 will extend north, to Rose Hill Transit Center, providing riders improved connections between East LA with El Sereno.","The Line 256 will operate the current route between Pasadena (Sierra Madre Villa Station) and Highland Park Station. The low ridership segment of Line 256 between Highland Park Station and Rose Hill Transit Center via Collis Av will be discontinued, with Metro Micro ridershare service available in this area.  Line 665 will extend north from CalState LA to Rose Hill Transit Center with expanded hours of service, replacing Line 256 in this area.","Line 256 will focus on serving the Pasadena - Highland Park segment. Line 665 will extend north, to Rose Hill Transit Center, providing riders improved connections between East LA with El Sereno.","The Line 256 will operate the current route between Pasadena (Sierra Madre Villa Station) and Highland Park Station. The low ridership segment of Line 256 between Highland Park Station and Rose Hill Transit Center via Collis Av will be discontinued, with Metro Micro ridershare service available in this area.  Line 665 will extend north from CalState LA to Rose Hill Transit Center with expanded hours of service, replacing Line 256 in this area.","Line 256 will focus on serving the Pasadena - Highland Park segment. Line 665 will extend north, to Rose Hill Transit Center, providing riders improved connections between East LA with El Sereno.","The Line 256 will operate the current route between Pasadena (Sierra Madre Villa Station) and Highland Park Station. The low ridership segment of Line 256 between Highland Park Station and Rose Hill Transit Center via Collis Av will be discontinued, with Metro Micro ridershare service available in this area.  Line 665 will extend north from CalState LA to Rose Hill Transit Center with expanded hours of service, replacing Line 256 in this area.","Line 256 will focus on serving the Pasadena - Highland Park segment. Line 665 will extend north, to Rose Hill Transit Center, providing riders improved connections between East LA with El Sereno.","The Line 256 will operate the current route between Pasadena (Sierra Madre Villa Station) and Highland Park Station. The low ridership segment of Line 256 between Highland Park Station and Rose Hill Transit Center via Collis Av will be discontinued, with Metro Micro ridershare service available in this area.  Line 665 will extend north from CalState LA to Rose Hill Transit Center with expanded hours of service, replacing Line 256 in this area.","Line 256 will focus on serving the Pasadena - Highland Park segment. Line 665 will extend north, to Rose Hill Transit Center, providing riders improved connections between East LA with El Sereno."
256,"Weekday, Saturday, and Sunday schedules have been updated.",Improved reliability,,"Weekday, Saturday, and Sunday schedules have been updated.",Improved reliability,"Weekday, Saturday, and Sunday schedules have been updated.",Improved reliability,"Weekday, Saturday, and Sunday schedules have been updated.",Improved reliability,"Weekday, Saturday, and Sunday schedules have been updated.",Improved reliability,"Weekday, Saturday, and Sunday schedules have been updated.",Improved reliability,"Weekday, Saturday, and Sunday schedules have been updated.",Improved reliability,"Weekday, Saturday, and Sunday schedules have been updated.",Improved reliability,"Weekday, Saturday, and Sunday schedules have been updated.",Improved reliability
258,"At the CalState LA Transit Center, Line 258 will be reassigned to Bay 2, sharing this bay with Line 665.",This change will accommodate the much requested extension of Montebello Bus Line 10 to CalState LA.,Line 258.jpg,"At the CalState LA Transit Center, Line 258 will be reassigned to Bay 2, sharing this bay with Line 665.",This change will accommodate the much requested extension of Montebello Bus Line 10 to CalState LA.,"At the CalState LA Transit Center, Line 258 will be reassigned to Bay 2, sharing this bay with Line 665.",This change will accommodate the much requested extension of Montebello Bus Line 10 to CalState LA.,"At the CalState LA Transit Center, Line 258 will be reassigned to Bay 2, sharing this bay with Line 665.",This change will accommodate the much requested extension of Montebello Bus Line 10 to CalState LA.,"At the CalState LA Transit Center, Line 258 will be reassigned to Bay 2, sharing this bay with Line 665.",This change will accommodate the much requested extension of Montebello Bus Line 10 to CalState LA.,"At the CalState LA Transit Center, Line 258 will be reassigned to Bay 2, sharing this bay with Line 665.",This change will accommodate the much requested extension of Montebello Bus Line 10 to CalState LA.,"At the CalState LA Transit Center, Line 258 will be reassigned to Bay 2, sharing this bay with Line 665.",This change will accommodate the much requested extension of Montebello Bus Line 10 to CalState LA.,"At the CalState LA Transit Center, Line 258 will be reassigned to Bay 2, sharing this bay with Line 665.",This change will accommodate the much requested extension of Montebello Bus Line 10 to CalState LA.,"At the CalState LA Transit Center, Line 258 will be reassigned to Bay 2, sharing this bay with Line 665.",This change will accommodate the much requested extension of Montebello Bus Line 10 to CalState LA.
260,Weekday schedules have been updated.,Improved reliability,,Weekday schedules have been updated.,Improved reliability,Weekday schedules have been updated.,Improved reliability,Weekday schedules have been updated.,Improved reliability,Weekday schedules have been updated.,Improved reliability,Weekday schedules have been updated.,Improved reliability,Weekday schedules have been updated.,Improved reliability,Weekday schedules have been updated.,Improved reliability,Weekday schedules have been updated.,Improved reliability
265,Weekday schedules have been updated.,Improved reliability,,Weekday schedules have been updated.,Improved reliability,Weekday schedules have been updated.,Improved reliability,Weekday schedules have been updated.,Improved reliability,Weekday schedules have been updated.,Improved reliability,Weekday schedules have been updated.,Improved reliability,Weekday schedules have been updated.,Improved reliability,Weekday schedules have been updated.,Improved reliability,Weekday schedules have been updated.,Improved reliability
267,"Line 267 will extend north from Del Mar Station to Raymond & Walnut to connect with Lines 180, 256, LADOT Commuter Express 549, and the Memorial Park Station.",This change is in response to rider requests for improved connections between Line 267 and other bus lines at Pasadena.,Line 267.jpg,"Line 267 will extend north from Del Mar Station to Raymond & Walnut to connect with Lines 180, 256, LADOT Commuter Express 549, and the Memorial Park Station.",This change is in response to rider requests for improved connections between Line 267 and other bus lines at Pasadena.,"Line 267 will extend north from Del Mar Station to Raymond & Walnut to connect with Lines 180, 256, LADOT Commuter Express 549, and the Memorial Park Station.",This change is in response to rider requests for improved connections between Line 267 and other bus lines at Pasadena.,"Line 267 will extend north from Del Mar Station to Raymond & Walnut to connect with Lines 180, 256, LADOT Commuter Express 549, and the Memorial Park Station.",This change is in response to rider requests for improved connections between Line 267 and other bus lines at Pasadena.,"Line 267 will extend north from Del Mar Station to Raymond & Walnut to connect with Lines 180, 256, LADOT Commuter Express 549, and the Memorial Park Station.",This change is in response to rider requests for improved connections between Line 267 and other bus lines at Pasadena.,"Line 267 will extend north from Del Mar Station to Raymond & Walnut to connect with Lines 180, 256, LADOT Commuter Express 549, and the Memorial Park Station.",This change is in response to rider requests for improved connections between Line 267 and other bus lines at Pasadena.,"Line 267 will extend north from Del Mar Station to Raymond & Walnut to connect with Lines 180, 256, LADOT Commuter Express 549, and the Memorial Park Station.",This change is in response to rider requests for improved connections between Line 267 and other bus lines at Pasadena.,"Line 267 will extend north from Del Mar Station to Raymond & Walnut to connect with Lines 180, 256, LADOT Commuter Express 549, and the Memorial Park Station.",This change is in response to rider requests for improved connections between Line 267 and other bus lines at Pasadena.,"Line 267 will extend north from Del Mar Station to Raymond & Walnut to connect with Lines 180, 256, LADOT Commuter Express 549, and the Memorial Park Station.",This change is in response to rider requests for improved connections between Line 267 and other bus lines at Pasadena.
267,"Weekday, Saturday, and Sunday schedules have been updated.",Improved reliability,,"Weekday, Saturday, and Sunday schedules have been updated.",Improved reliability,"Weekday, Saturday, and Sunday schedules have been updated.",Improved reliability,"Weekday, Saturday, and Sunday schedules have been updated.",Improved reliability,"Weekday, Saturday, and Sunday schedules have been updated.",Improved reliability,"Weekday, Saturday, and Sunday schedules have been updated.",Improved reliability,"Weekday, Saturday, and Sunday schedules have been updated.",Improved reliability,"Weekday, Saturday, and Sunday schedules have been updated.",Improved reliability,"Weekday, Saturday, and Sunday schedules have been updated.",Improved reliability
344,Weekday schedules have been updated.,Improved reliability,,Weekday schedules have been updated.,Improved reliability,Weekday schedules have been updated.,Improved reliability,Weekday schedules have been updated.,Improved reliability,Weekday schedules have been updated.,Improved reliability,Weekday schedules have been updated.,Improved reliability,Weekday schedules have been updated.,Improved reliability,Weekday schedules have been updated.,Improved reliability,Weekday schedules have been updated.,Improved reliability
460,Sunday schedules have been updated.,Improved reliability,,Sunday schedules have been updated.,Improved reliability,Sunday schedules have been updated.,Improved reliability,Sunday schedules have been updated.,Improved reliability,Sunday schedules have been updated.,Improved reliability,Sunday schedules have been updated.,Improved reliability,Sunday schedules have been updated.,Improved reliability,Sunday schedules have been updated.,Improved reliability,Sunday schedules have been updated.,Improved reliability
501,"Weekday, Saturday, and Sunday schedules have been updated.",Improved reliability,,"Weekday, Saturday, and Sunday schedules have been updated.",Improved reliability,"Weekday, Saturday, and Sunday schedules have been updated.",Improved reliability,"Weekday, Saturday, and Sunday schedules have been updated.",Improved reliability,"Weekday, Saturday, and Sunday schedules have been updated.",Improved reliability,"Weekday, Saturday, and Sunday schedules have been updated.",Improved reliability,"Weekday, Saturday, and Sunday schedules have been updated.",Improved reliability,"Weekday, Saturday, and Sunday schedules have been updated.",Improved reliability,"Weekday, Saturday, and Sunday schedules have been updated.",Improved reliability
550,"Schedule changes to Line 550 to improve connections with Lines 205, 246.","This change is in response to rider requests for improved connections between Line 550 and Lines 205, 246 at Harbor Gateway Transit Center.",,"Schedule changes to Line 550 to improve connections with Lines 205, 246.","This change is in response to rider requests for improved connections between Line 550 and Lines 205, 246 at Harbor Gateway Transit Center.","Schedule changes to Line 550 to improve connections with Lines 205, 246.","This change is in response to rider requests for improved connections between Line 550 and Lines 205, 246 at Harbor Gateway Transit Center.","Schedule changes to Line 550 to improve connections with Lines 205, 246.","This change is in response to rider requests for improved connections between Line 550 and Lines 205, 246 at Harbor Gateway Transit Center.","Schedule changes to Line 550 to improve connections with Lines 205, 246.","This change is in response to rider requests for improved connections between Line 550 and Lines 205, 246 at Harbor Gateway Transit Center.","Schedule changes to Line 550 to improve connections with Lines 205, 246.","This change is in response to rider requests for improved connections between Line 550 and Lines 205, 246 at Harbor Gateway Transit Center.","Schedule changes to Line 550 to improve connections with Lines 205, 246.","This change is in response to rider requests for improved connections between Line 550 and Lines 205, 246 at Harbor Gateway Transit Center.","Schedule changes to Line 550 to improve connections with Lines 205, 246.","This change is in response to rider requests for improved connections between Line 550 and Lines 205, 246 at Harbor Gateway Transit Center.","Schedule changes to Line 550 to improve connections with Lines 205, 246.","This change is in response to rider requests for improved connections between Line 550 and Lines 205, 246 at Harbor Gateway Transit Center."
665,"Line 665 extended north from Cal State LA to Rose Hill Transit Center via Eastern Av, with expanded hours of service and a new southern terminus at the market at Calada St/Olympic Bl.",This change is in response to rider requests for improved connections between East LA and El Sereno.,Line 665.jpg,"Line 665 extended north from Cal State LA to Rose Hill Transit Center via Eastern Av, with expanded hours of service and a new southern terminus at the market at Calada St/Olympic Bl.",This change is in response to rider requests for improved connections between East LA and El Sereno.,"Line 665 extended north from Cal State LA to Rose Hill Transit Center via Eastern Av, with expanded hours of service and a new southern terminus at the market at Calada St/Olympic Bl.",This change is in response to rider requests for improved connections between East LA and El Sereno.,"Line 665 extended north from Cal State LA to Rose Hill Transit Center via Eastern Av, with expanded hours of service and a new southern terminus at the market at Calada St/Olympic Bl.",This change is in response to rider requests for improved connections between East LA and El Sereno.,"Line 665 extended north from Cal State LA to Rose Hill Transit Center via Eastern Av, with expanded hours of service and a new southern terminus at the market at Calada St/Olympic Bl.",This change is in response to rider requests for improved connections between East LA and El Sereno.,"Line 665 extended north from Cal State LA to Rose Hill Transit Center via Eastern Av, with expanded hours of service and a new southern terminus at the market at Calada St/Olympic Bl.",This change is in response to rider requests for improved connections between East LA and El Sereno.,"Line 665 extended north from Cal State LA to Rose Hill Transit Center via Eastern Av, with expanded hours of service and a new southern terminus at the market at Calada St/Olympic Bl.",This change is in response to rider requests for improved connections between East LA and El Sereno.,"Line 665 extended north from Cal State LA to Rose Hill Transit Center via Eastern Av, with expanded hours of service and a new southern terminus at the market at Calada St/Olympic Bl.",This change is in response to rider requests for improved connections between East LA and El Sereno.,"Line 665 extended north from Cal State LA to Rose Hill Transit Center via Eastern Av, with expanded hours of service and a new southern terminus at the market at Calada St/Olympic Bl.",This change is in response to rider requests for improved connections between East LA and El Sereno.
665,Line 665 will establish a new southern terminus at the market at Calada St/Olympic Bl,Align with ridership levels,,Line 665 will establish a new southern terminus at the market at Calada St/Olympic Bl,Align with ridership levels,Line 665 will establish a new southern terminus at the market at Calada St/Olympic Bl,Align with ridership levels,Line 665 will establish a new southern terminus at the market at Calada St/Olympic Bl,Align with ridership levels,Line 665 will establish a new southern terminus at the market at Calada St/Olympic Bl,Align with ridership levels,Line 665 will establish a new southern terminus at the market at Calada St/Olympic Bl,Align with ridership levels,Line 665 will establish a new southern terminus at the market at Calada St/Olympic Bl,Align with ridership levels,Line 665 will establish a new southern terminus at the market at Calada St/Olympic Bl,Align with ridership levels,Line 665 will establish a new southern terminus at the market at Calada St/Olympic Bl,Align with ridership levels
720,"Weekday, Saturday, and Sunday schedules have been updated.",Improved reliability,,"Weekday, Saturday, and Sunday schedules have been updated.",Improved reliability,"Weekday, Saturday, and Sunday schedules have been updated.",Improved reliability,"Weekday, Saturday, and Sunday schedules have been updated.",Improved reliability,"Weekday, Saturday, and Sunday schedules have been updated.",Improved reliability,"Weekday, Saturday, and Sunday schedules have been updated.",Improved reliability,"Weekday, Saturday, and Sunday schedules have been updated.",Improved reliability,"Weekday, Saturday, and Sunday schedules have been updated.",Improved reliability,"Weekday, Saturday, and Sunday schedules have been updated.",Improved reliability
761,Weekday schedules have been updated.,Improved reliability,,Weekday schedules have been updated.,Improved reliability,Weekday schedules have been updated.,Improved reliability,Weekday schedules have been updated.,Improved reliability,Weekday schedules have been updated.,Improved reliability,Weekday schedules have been updated.,Improved reliability,Weekday schedules have been updated.,Improved reliability,Weekday schedules have been updated.,Improved reliability,Weekday schedules have been updated.,Improved reliability
854,The L Line Shuttle between LA Union Station and Pico Aliso Station will cease operation.,This shuttle bus was established while the L Line Light Rail was truncated due to Regional Connector construction. This shuttle is no longer required with the opening of Regional Connector.,,The L Line Shuttle between LA Union Station and Pico Aliso Station will cease operation.,This shuttle bus was established while the L Line Light Rail was truncated due to Regional Connector construction. This shuttle is no longer required with the opening of Regional Connector.,The L Line Shuttle between LA Union Station and Pico Aliso Station will cease operation.,This shuttle bus was established while the L Line Light Rail was truncated due to Regional Connector construction. This shuttle is no longer required with the opening of Regional Connector.,The L Line Shuttle between LA Union Station and Pico Aliso Station will cease operation.,This shuttle bus was established while the L Line Light Rail was truncated due to Regional Connector construction. This shuttle is no longer required with the opening of Regional Connector.,The L Line Shuttle between LA Union Station and Pico Aliso Station will cease operation.,This shuttle bus was established while the L Line Light Rail was truncated due to Regional Connector construction. This shuttle is no longer required with the opening of Regional Connector.,The L Line Shuttle between LA Union Station and Pico Aliso Station will cease operation.,This shuttle bus was established while the L Line Light Rail was truncated due to Regional Connector construction. This shuttle is no longer required with the opening of Regional Connector.,The L Line Shuttle between LA Union Station and Pico Aliso Station will cease operation.,This shuttle bus was established while the L Line Light Rail was truncated due to Regional Connector construction. This shuttle is no longer required with the opening of Regional Connector.,The L Line Shuttle between LA Union Station and Pico Aliso Station will cease operation.,This shuttle bus was established while the L Line Light Rail was truncated due to Regional Connector construction. This shuttle is no longer required with the opening of Regional Connector.,The L Line Shuttle between LA Union Station and Pico Aliso Station will cease operation.,This shuttle bus was established while the L Line Light Rail was truncated due to Regional Connector construction. This shuttle is no longer required with the opening of Regional Connector.
901,"Weekday, Saturday, and Sunday schedules have been updated.",Improved reliability,,"Weekday, Saturday, and Sunday schedules have been updated.",Improved reliability,"Weekday, Saturday, and Sunday schedules have been updated.",Improved reliability,"Weekday, Saturday, and Sunday schedules have been updated.",Improved reliability,"Weekday, Saturday, and Sunday schedules have been updated.",Improved reliability,"Weekday, Saturday, and Sunday schedules have been updated.",Improved reliability,"Weekday, Saturday, and Sunday schedules have been updated.",Improved reliability,"Weekday, Saturday, and Sunday schedules have been updated.",Improved reliability,"Weekday, Saturday, and Sunday schedules have been updated.",Improved reliability
910,Additional Line 910 trip added early AM Saturday and Sunday northbound from Harbor Gateway Transit Center to El Monte Station,"In response to rider requests, an extra Line 910 northbound trip is added early morning on weekends with a convenient connection from northbound Line 246 at Harbor Gateway Transit Center.",,Additional Line 910 trip added early AM Saturday and Sunday northbound from Harbor Gateway Transit Center to El Monte Station,"In response to rider requests, an extra Line 910 northbound trip is added early morning on weekends with a convenient connection from northbound Line 246 at Harbor Gateway Transit Center.",Additional Line 910 trip added early AM Saturday and Sunday northbound from Harbor Gateway Transit Center to El Monte Station,"In response to rider requests, an extra Line 910 northbound trip is added early morning on weekends with a convenient connection from northbound Line 246 at Harbor Gateway Transit Center.",Additional Line 910 trip added early AM Saturday and Sunday northbound from Harbor Gateway Transit Center to El Monte Station,"In response to rider requests, an extra Line 910 northbound trip is added early morning on weekends with a convenient connection from northbound Line 246 at Harbor Gateway Transit Center.",Additional Line 910 trip added early AM Saturday and Sunday northbound from Harbor Gateway Transit Center to El Monte Station,"In response to rider requests, an extra Line 910 northbound trip is added early morning on weekends with a convenient connection from northbound Line 246 at Harbor Gateway Transit Center.",Additional Line 910 trip added early AM Saturday and Sunday northbound from Harbor Gateway Transit Center to El Monte Station,"In response to rider requests, an extra Line 910 northbound trip is added early morning on weekends with a convenient connection from northbound Line 246 at Harbor Gateway Transit Center.",Additional Line 910 trip added early AM Saturday and Sunday northbound from Harbor Gateway Transit Center to El Monte Station,"In response to rider requests, an extra Line 910 northbound trip is added early morning on weekends with a convenient connection from northbound Line 246 at Harbor Gateway Transit Center.",Additional Line 910 trip added early AM Saturday and Sunday northbound from Harbor Gateway Transit Center to El Monte Station,"In response to rider requests, an extra Line 910 northbound trip is added early morning on weekends with a convenient connection from northbound Line 246 at Harbor Gateway Transit Center.",Additional Line 910 trip added early AM Saturday and Sunday northbound from Harbor Gateway Transit Center to El Monte Station,"In response to rider requests, an extra Line 910 northbound trip is added early morning on weekends with a convenient connection from northbound Line 246 at Harbor Gateway Transit Center."
910,"Minor weekday, Saturday, and Sunday frequency changes, please check schedule.",Align with ridership levels,,"Minor weekday, Saturday, and Sunday frequency changes, please check schedule.",Align with ridership levels,"Minor weekday, Saturday, and Sunday frequency changes, please check schedule.",Align with ridership levels,"Minor weekday, Saturday, and Sunday frequency changes, please check schedule.",Align with ridership levels,"Minor weekday, Saturday, and Sunday frequency changes, please check schedule.",Align with ridership levels,"Minor weekday, Saturday, and Sunday frequency changes, please check schedule.",Align with ridership levels,"Minor weekday, Saturday, and Sunday frequency changes, please check schedule.",Align with ridership levels,"Minor weekday, Saturday, and Sunday frequency changes, please check schedule.",Align with ridership levels,"Minor weekday, Saturday, and Sunday frequency changes, please check schedule.",Align with ridership levels
