,line,update,reason,map,en-update,es-update,hy-update,zh-tw-update,ko-update,ja-update,ru-update,vi-update,en-reason,es-reason,hy-reason,zh-tw-reason,ko-reason,ja-reason,ru-reason,vi-reason
0,2,"Weekday, Saturday, and Sunday schedules have been updated.",Improve reliability.,,"Weekday, Saturday, and Sunday schedules have been updated.",Se actualizaron los horarios entre semana y de los días sábados y domingos.,"Թարմացվել են աշխատանքային, շաբաթ և կիրակի օրերերի ժամանակացույցերը։",平日、週六和週日時刻表已更新。,"평일 및 토요일, 일요일 일정이 업데이트되었습니다.",平日、土曜日、日曜日のスケジュールが更新されました。,"Обновлены расписания на будние дни, субботы и воскресенья.","Lịch trình các ngày thường trong tuần, Thứ Bảy và Chủ Nhật đã được cập nhật.",Improve reliability.,Mejorar la fiabilidad.,Բարելավել հուսալիությունը:,提升可靠性。,안정성을 개선합니다.,信頼の向上に努めます。,Повысить надежность.,Cải thiện độ tin cậy.
1,4,"Weekday, Saturday, and Sunday schedules have been updated.",Improve reliability.,,"Weekday, Saturday, and Sunday schedules have been updated.",Se actualizaron los horarios entre semana y de los días sábados y domingos.,"Թարմացվել են աշխատանքային, շաբաթ և կիրակի օրերերի ժամանակացույցերը։",平日、週六和週日時刻表已更新。,"평일 및 토요일, 일요일 일정이 업데이트되었습니다.",平日、土曜日、日曜日のスケジュールが更新されました。,"Обновлены расписания на будние дни, субботы и воскресенья.","Lịch trình các ngày thường trong tuần, Thứ Bảy và Chủ Nhật đã được cập nhật.",Improve reliability.,Mejorar la fiabilidad.,Բարելավել հուսալիությունը:,提升可靠性。,안정성을 개선합니다.,信頼の向上に努めます。,Повысить надежность.,Cải thiện độ tin cậy.
2,10,"Weekday, Saturday, and Sunday schedules have been updated.",Improve reliability.,,"Weekday, Saturday, and Sunday schedules have been updated.",Se actualizaron los horarios entre semana y de los días sábados y domingos.,"Թարմացվել են աշխատանքային, շաբաթ և կիրակի օրերերի ժամանակացույցերը։",平日、週六和週日時刻表已更新。,"평일 및 토요일, 일요일 일정이 업데이트되었습니다.",平日、土曜日、日曜日のスケジュールが更新されました。,"Обновлены расписания на будние дни, субботы и воскресенья.","Lịch trình các ngày thường trong tuần, Thứ Bảy và Chủ Nhật đã được cập nhật.",Improve reliability.,Mejorar la fiabilidad.,Բարելավել հուսալիությունը:,提升可靠性。,안정성을 개선합니다.,信頼の向上に努めます。,Повысить надежность.,Cải thiện độ tin cậy.
3,14,"Weekday, Saturday, and Sunday schedules have been updated.",Improve reliability.,,"Weekday, Saturday, and Sunday schedules have been updated.",Se actualizaron los horarios entre semana y de los días sábados y domingos.,"Թարմացվել են աշխատանքային, շաբաթ և կիրակի օրերերի ժամանակացույցերը։",平日、週六和週日時刻表已更新。,"평일 및 토요일, 일요일 일정이 업데이트되었습니다.",平日、土曜日、日曜日のスケジュールが更新されました。,"Обновлены расписания на будние дни, субботы и воскресенья.","Lịch trình các ngày thường trong tuần, Thứ Bảy và Chủ Nhật đã được cập nhật.",Improve reliability.,Mejorar la fiabilidad.,Բարելավել հուսալիությունը:,提升可靠性。,안정성을 개선합니다.,信頼の向上に努めます。,Повысить надежность.,Cải thiện độ tin cậy.
4,16,Line 16 will extend east to Alameda St. in Downtown LA via 6th St. (eastbound) and 5th St. (westbound).,More service for riders in east Downtown LA.,Line 16.png,Line 16 will extend east to Alameda St. in Downtown LA via 6th St. (eastbound) and 5th St. (westbound).,La Line 16 se extenderá hacia el este hasta Alameda St. en Downtown LA por 6th St. (con dirección al este) y 5th St. (con dirección al oeste).,Line16-ը կերկարացվի Downtown LA-ում Alameda փողոցից դեպի արևելք 6th St.-ով (դեպի արևելք) և 5th St.-ով (դեպի արևմուտք):,Line 16將經由6th St（東向）和5th St（西向）向東延伸至Downtown LA的Alameda St。,Line 16은 6th St.(동부 방면) 및 5th St.(서부 방면)을 경유해 Downtown LA의 Alameda St. 동부 방면으로 연장됩니다.,Line 16は、6th St（東行き）と5th St（西行き）を経由して東に延伸し、Downtown LAのAlameda Stまで運行するようになります。,Маршрут Line 16 будет продлен на восток до улицы Alameda St. в Downtown LA по улице 6th St. (в восточном направлении) и 5th St. (в западном направлении).,Line 16 sẽ mở rộng ra phía đông đến Alameda St. ở Downtown LA qua 6th St. (về phía đông) và 5th St. (về phía tây).,More service for riders in east Downtown LA.,Aumento del servicio para los pasajeros de la zona este del Downtown LA.,Downtown LA-ի արևելյան մասում գտնվող ուղևորների համար ավելի շատ ծառայություններ:,在東Downtown LA為乘客提供更多服務。,승객을 위해 동부 Downtown LA에서 서비스가 확대됩니다.,Downtown LA東部の利用者へのサービスを拡充します。,Повышение качества обслуживания пассажиров в восточной части Downtown LA.,Thêm dịch vụ cho hành khách ở phía đông Downtown LA.
5,16,Line 16 will see increased service every 15 mins between 10pm-midnight weekdays and weekends going eastbound.,Added capacity to avoid crowded buses for riders.,,Line 16 will see increased service every 15 mins between 10pm-midnight weekdays and weekends going eastbound.,"La Line 16 aumentará su servicio cada 15 minutos entre las 10 p. m. y la medianoche, entre semana y los fines de semana, con dirección al este.",Line 16-ը կավելացնի սպասարկումը յուրաքանչյուր 15 րոպեն մեկ աշխատանքային օրերին 22-ից կեսգիշեր և հանգստյան օրերին դեպի արևելք հատվածում:,Line 16平日和週末晚上10點至午夜的東向班次將增加，每15分鐘一班。,Line 16은 주중 및 주말에 오후 10시부터 자정까지 15분의 운행 간격으로 동부 방면의 서비스를 증편합니다.,Line 16は平日・週末を問わず、午後10時から深夜まで東行きの便が15分間隔に増便されます。,Рейсы по маршруту Line 16 будут курсировать каждые 15 минут с 22:00 до полуночи по будням и выходным в восточном направлении.,"Line 16 sẽ tăng tần suất phục vụ lên 15 phút/chuyến từ 10 giờ tối đến nửa đêm vào các ngày thường trong tuần và cuối tuần, đi về phía đông.",Added capacity to avoid crowded buses for riders.,Aumento de la capacidad para evitar que los autobuses vayan abarrotados de pasajeros.,Ավելացվել է հզորություն՝ ուղևորների համար ծանրաբեռնված ավտոբուսներից խուսափելու համար:,已提高承載量，以避免巴士乘客擁擠。,승객 혼잡을 예방하기 위해 승객 수용량을 늘렸습니다.,バス内の混雑を軽減するために便を増やしています。,Дополнительная вместимость позволит пассажирам избежать переполненных автобусов.,Đã bổ sung thêm chuyến để hành khách không phải di chuyển trên các xe buýt đông đúc.
6,16,"Weekday, Saturday, and Sunday schedules have been updated.",Improve reliability.,,"Weekday, Saturday, and Sunday schedules have been updated.",Se actualizaron los horarios entre semana y de los días sábados y domingos.,"Թարմացվել են աշխատանքային, շաբաթ և կիրակի օրերերի ժամանակացույցերը։",平日、週六和週日時刻表已更新。,"평일 및 토요일, 일요일 일정이 업데이트되었습니다.",平日、土曜日、日曜日のスケジュールが更新されました。,"Обновлены расписания на будние дни, субботы и воскресенья.","Lịch trình các ngày thường trong tuần, Thứ Bảy và Chủ Nhật đã được cập nhật.",Improve reliability.,Mejorar la fiabilidad.,Բարելավել հուսալիությունը:,提升可靠性。,안정성을 개선합니다.,信頼の向上に努めます。,Повысить надежность.,Cải thiện độ tin cậy.
7,18,"Weekday, Saturday, and Sunday schedules have been updated.",Improve reliability.,,"Weekday, Saturday, and Sunday schedules have been updated.",Se actualizaron los horarios entre semana y de los días sábados y domingos.,"Թարմացվել են աշխատանքային, շաբաթ և կիրակի օրերերի ժամանակացույցերը։",平日、週六和週日時刻表已更新。,"평일 및 토요일, 일요일 일정이 업데이트되었습니다.",平日、土曜日、日曜日のスケジュールが更新されました。,"Обновлены расписания на будние дни, субботы и воскресенья.","Lịch trình các ngày thường trong tuần, Thứ Bảy và Chủ Nhật đã được cập nhật.",Improve reliability.,Mejorar la fiabilidad.,Բարելավել հուսալիությունը:,提升可靠性。,안정성을 개선합니다.,信頼の向上に努めます。,Повысить надежность.,Cải thiện độ tin cậy.
8,20,"Weekday, Saturday, and Sunday schedules have been updated.",Improve reliability.,,"Weekday, Saturday, and Sunday schedules have been updated.",Se actualizaron los horarios entre semana y de los días sábados y domingos.,"Թարմացվել են աշխատանքային, շաբաթ և կիրակի օրերերի ժամանակացույցերը։",平日、週六和週日時刻表已更新。,"평일 및 토요일, 일요일 일정이 업데이트되었습니다.",平日、土曜日、日曜日のスケジュールが更新されました。,"Обновлены расписания на будние дни, субботы и воскресенья.","Lịch trình các ngày thường trong tuần, Thứ Bảy và Chủ Nhật đã được cập nhật.",Improve reliability.,Mejorar la fiabilidad.,Բարելավել հուսալիությունը:,提升可靠性。,안정성을 개선합니다.,信頼の向上に努めます。,Повысить надежность.,Cải thiện độ tin cậy.
9,28,"Weekday, Saturday, and Sunday schedules have been updated.",Improve reliability.,,"Weekday, Saturday, and Sunday schedules have been updated.",Se actualizaron los horarios entre semana y de los días sábados y domingos.,"Թարմացվել են աշխատանքային, շաբաթ և կիրակի օրերերի ժամանակացույցերը։",平日、週六和週日時刻表已更新。,"평일 및 토요일, 일요일 일정이 업데이트되었습니다.",平日、土曜日、日曜日のスケジュールが更新されました。,"Обновлены расписания на будние дни, субботы и воскресенья.","Lịch trình các ngày thường trong tuần, Thứ Bảy và Chủ Nhật đã được cập nhật.",Improve reliability.,Mejorar la fiabilidad.,Բարելավել հուսալիությունը:,提升可靠性。,안정성을 개선합니다.,信頼の向上に努めます。,Повысить надежность.,Cải thiện độ tin cậy.
10,30,"With the opening of Regional Connector light rail and the E Line serving East LA, Line 30 trips will no longer operate east of Little Tokyo to Union Station or Indiana Station. Line 106 will still serve 1st St. between Indiana Station and Little Tokyo. All trips on Line 30 will operate weekdays and weekends between Little Tokyo and Pico Rimpau Transit Center.",Avoid duplicating new Regional Connector E Line while keeping local bus 106 for 1st St.,,"With the opening of Regional Connector light rail and the E Line serving East LA, Line 30 trips will no longer operate east of Little Tokyo to Union Station or Indiana Station. Line 106 will still serve 1st St. between Indiana Station and Little Tokyo. All trips on Line 30 will operate weekdays and weekends between Little Tokyo and Pico Rimpau Transit Center.","Con la apertura del tren ligero Regional Connector y de E Line, que da servicio a East LA, los viajes de la Line 30 ya no operarán al este de Little Tokyo hacia Union Station ni Indiana Station. La Line 106 seguirá operando en 1st St., entre Indiana Station y Little Tokyo. Todos los viajes de la Line 30 operarán entre semana y los fines de semana, entre Little Tokyo y Pico Rimpau Transit Center.","Regional Connector թեթև երկաթուղու բացմամբ և East LA-ը սպասարկող E Line-ով, Line 30-ի ուղևորությունները այլևս չեն գործի Little Tokyo-ից մինչև Union Station կամ Indiana Station. Line 106 դեռ կսպասարկի 1st St-ը Indiana Station-ի և Little Tokyo-ի միջև: Line 30-ի բոլոր ուղևորությունները կգործեն աշխատանքային օրերին և հանգստյան օրերին Little Tokyo և Pico Rimpau Transit Center-ի միջև:",隨著Regional Connector輕軌以及為East LA提供服務的E Line啟用，Line 30班次將不再行駛至Little Tokyo以東的Union Station或Indiana Station。Line 106仍將行經Indiana Station和Little Tokyo之間的1st St。Line 30的所有班次將在平日與週末在Little Tokyo和Pico Rimpau Transit Center之間行駛。,Regional Connector 경전철 개통과 East LA에서 운행하는 E Line 철도 서비스로 인해 Line 30의 운행편은 더 이상 Little Tokyo의 동쪽 방면에서 Union Station 또는 Indiana Station까지 운행하지 않습니다. Line 106은 여전히 Indiana Station과 Little Tokyo 사이에 있는 1st St.에서 이용하실 수 있습니다. Little Tokyo와 Pico Rimpau Transit Center를 오가는 Line 30의 모든 운행편은 평일과 주말에 운영됩니다.,Regional Connectorライトレールと、East LA方面を走るE Lineの開通に伴い、Line 30はLittle Tokyoからさらに東のUnion StationまたはIndiana Stationまでの運行を終了します。Line 106は、Indiana StationとLittle Tokyo間の1st Stに引き続き乗り入れます。Line 30は、Little TokyoとPico Rimpau Transit Center間を、平日・週末を問わず運行するように改定されます。,"После открытия наземного метро регионального сообщения и E Line, обслуживающих East LA, рейсы маршрута Line 30 больше не будут курсировать к востоку от Little Tokyo до станций Union Station и Indiana Station. Маршрут Line 106 по-прежнему будет обслуживать улицу 1st St. между станцией Indiana Station и Little Tokyo. Все рейсы маршрута Line 30 будут курсировать по будням и выходным между Little Tokyo и транзитным центром Pico Rimpau Transit Center.","Với việc khai mở đường sắt nội thị Regional Connector và E Line sẽ phục vụ East LA, các chuyến của Line 30 sẽ không còn hoạt động ở phía đông Little Tokyo đến Union Station hoặc Indiana Station. Line 106 sẽ tiếp tục hoạt động trên 1st St. giữa Indiana Station và Little Tokyo. Tất cả các chuyến trên Line 30 sẽ hoạt động vào các ngày thường trong tuần và cuối tuần giữa Little Tokyo và Pico Rimpau Transit Center.",Avoid duplicating new Regional Connector E Line while keeping local bus 106 for 1st St.,Evitar duplicar la nueva E Line del Regional Connector manteniendo el autobús local 106 para 1st St.,Խուսափել նոր Regional Connector E Line-ի կրկնօրինակումից՝ պահելով տեղական 106 ավտոբուսը 1st St.-ի համար։,避免重複行駛新的Regional Connector E Line，同時為1st St保留當地巴士106。,1st St.의 지역 버스를 유지하며 신규 Regional Connector E Line과 중복되지 않도록 합니다.,1st Stのローカルバス106を維持しつつ、新しいRegional Connector E Lineとの重複を避けます。,"Избежать дублирования нового маршрута Regional Connector E Line, сохранив местный автобус 106 на улице 1st St.",Tránh trùng lặp Regional Connector và E Line mới trong khi duy trì xe buýt 106 tại địa phương cho 1st St.
11,30,"Weekday, Saturday, and Sunday schedules have been updated.",Improve reliability.,,"Weekday, Saturday, and Sunday schedules have been updated.",Se actualizaron los horarios entre semana y de los días sábados y domingos.,"Թարմացվել են աշխատանքային, շաբաթ և կիրակի օրերերի ժամանակացույցերը։",平日、週六和週日時刻表已更新。,"평일 및 토요일, 일요일 일정이 업데이트되었습니다.",平日、土曜日、日曜日のスケジュールが更新されました。,"Обновлены расписания на будние дни, субботы и воскресенья.","Lịch trình các ngày thường trong tuần, Thứ Bảy và Chủ Nhật đã được cập nhật.",Improve reliability.,Mejorar la fiabilidad.,Բարելավել հուսալիությունը:,提升可靠性。,안정성을 개선합니다.,信頼の向上に努めます。,Повысить надежность.,Cải thiện độ tin cậy.
12,33,Weekday schedules have been updated.,Improve reliability.,,Weekday schedules have been updated.,Se actualizaron los horarios entre semana.,Թարմացվել են աշխատանքային օրերերի ժամանակացույցերը։,平日時刻表已更新。,평일 일정이 업데이트되었습니다.,平日のスケジュールが更新されました。,Обновлены расписания на будние дни.,Lịch trình các ngày thường trong tuần đã được cập nhật.,Improve reliability.,Mejorar la fiabilidad.,Բարելավել հուսալիությունը:,提升可靠性。,안정성을 개선합니다.,信頼の向上に努めます。,Повысить надежность.,Cải thiện độ tin cậy.
13,37,"Minor timing changes, please check schedule.",Improve reliability.,,"Minor timing changes, please check schedule.","Minor timing changes, please check schedule.","Minor timing changes, please check schedule.","Minor timing changes, please check schedule.","Minor timing changes, please check schedule.","Minor timing changes, please check schedule.","Minor timing changes, please check schedule.","Minor timing changes, please check schedule.",Improve reliability.,Mejorar la fiabilidad.,Բարելավել հուսալիությունը:,提升可靠性。,안정성을 개선합니다.,信頼の向上に努めます。,Повысить надежность.,Cải thiện độ tin cậy.
14,40,"Weekday, Saturday, and Sunday schedules have been updated.",Improve reliability.,,"Weekday, Saturday, and Sunday schedules have been updated.",Se actualizaron los horarios entre semana y de los días sábados y domingos.,"Թարմացվել են աշխատանքային, շաբաթ և կիրակի օրերերի ժամանակացույցերը։",平日、週六和週日時刻表已更新。,"평일 및 토요일, 일요일 일정이 업데이트되었습니다.",平日、土曜日、日曜日のスケジュールが更新されました。,"Обновлены расписания на будние дни, субботы и воскресенья.","Lịch trình các ngày thường trong tuần, Thứ Bảy và Chủ Nhật đã được cập nhật.",Improve reliability.,Mejorar la fiabilidad.,Բարելավել հուսալիությունը:,提升可靠性。,안정성을 개선합니다.,信頼の向上に努めます。,Повысить надежность.,Cải thiện độ tin cậy.
15,45,Weekday schedules have been updated.,Improve reliability.,,Weekday schedules have been updated.,Se actualizaron los horarios entre semana.,Թարմացվել են աշխատանքային օրերերի ժամանակացույցերը։,平日時刻表已更新。,평일 일정이 업데이트되었습니다.,平日のスケジュールが更新されました。,Обновлены расписания на будние дни.,Lịch trình các ngày thường trong tuần đã được cập nhật.,Improve reliability.,Mejorar la fiabilidad.,Բարելավել հուսալիությունը:,提升可靠性。,안정성을 개선합니다.,信頼の向上に努めます。,Повысить надежность.,Cải thiện độ tin cậy.
16,48,"Minor timing changes, please check schedule.",Improve reliability.,,"Minor timing changes, please check schedule.","Minor timing changes, please check schedule.","Minor timing changes, please check schedule.","Minor timing changes, please check schedule.","Minor timing changes, please check schedule.","Minor timing changes, please check schedule.","Minor timing changes, please check schedule.","Minor timing changes, please check schedule.",Improve reliability.,Mejorar la fiabilidad.,Բարելավել հուսալիությունը:,提升可靠性。,안정성을 개선합니다.,信頼の向上に努めます。,Повысить надежность.,Cải thiện độ tin cậy.
17,51,Weekday schedules have been updated.,Improve reliability.,,Weekday schedules have been updated.,Se actualizaron los horarios entre semana.,Թարմացվել են աշխատանքային օրերերի ժամանակացույցերը։,平日時刻表已更新。,평일 일정이 업데이트되었습니다.,平日のスケジュールが更新されました。,Обновлены расписания на будние дни.,Lịch trình các ngày thường trong tuần đã được cập nhật.,Improve reliability.,Mejorar la fiabilidad.,Բարելավել հուսալիությունը:,提升可靠性。,안정성을 개선합니다.,信頼の向上に努めます。,Повысить надежность.,Cải thiện độ tin cậy.
18,51,Line 51 trips starting/ending in Downtown LA will include stops as far west as 7th/Bixel St.,Additional trips serving 7th/Bixel stops west of downtown LA for rider convenience.,,Line 51 trips starting/ending in Downtown LA will include stops as far west as 7th/Bixel St.,Los viajes de la Line 51 que comienzan o terminan en Downtown LA incluirán paradas hasta 7th/Bixel St al oeste.,"Line 51-ի ուղևորությունները, որոնք սկսվում/ավարտվում են Downtown LA-ում, կներառեն կանգառներ դեպի արևմուտք՝ մինչև 7th/Bixel St։",起點/終點在Downtown LA的Line 51班次將納入西至7th/Bixel St的站牌。,Downtown LA에(서) 출발/도착하는 Line 51의 운행편에는 7th/Bixel St.의 서쪽 정류장도 포함됩니다.,Downtown LAを発着するLine 51は西に延伸し、7th/Bixel Stまで運行するようになります。,"Рейсы по маршруту Line 51, начинающиеся/заканчивающиеся в Downtown LA, будут включать остановки на западе до улиц 7th/Bixel St.","Các chuyến trên Line 51 khởi hành/kết thúc tại Downtown LA sẽ bao gồm các điểm dừng về phía tây, đi xa đến 7th/Bixel St.",Additional trips serving 7th/Bixel stops west of downtown LA for rider convenience.,Viajes adicionales con paradas en 7th/Bixel al oeste de Downtown LA para la comodidad de los pasajeros.,7th/Bixel կանգառներ LA-ի կենտրոնից դեպի արևմուտք լրացուցիչ երթուղիներ կսպասարկվեն՝ ուղևորների հարմարավետության համար:,為了乘客方便，已增加額外班次行駛Downtown LA以西的7th/Bixel站點。,승객의 편의를 위해 추가 운행편이 Downtown LA 서부의 7th/Bixel 정류장에서 운영됩니다.,利用者の利便性向上のため、Downtown LAの7th/Bixel停留所に停まる便数を増やしています。,"Дополнительные рейсы, обслуживающие остановки на улицах 7th/Bixel к западу от downtown LA, для удобства пассажиров.",Bổ sung các chuyến phục vụ các điểm dừng 7th/Bixel ở phía tây Downtown LA để thuận tiện cho hành khách.
19,51,"Minor Saturday frequency changes, please check schedule.",Align with ridership levels.,,"Minor Saturday frequency changes, please check schedule.","Para conocer los cambios menores sobre la frecuencia los días sábados, consulte el horario.","Շաբաթ օրերին կան հաճախականության փոքր փոփոխություններ, խնդրում ենք ստուգել ժամանակացույցը:",週六班次頻率有小幅變動，請查看時刻表。,토요일 운행 간격이 다소 조정되었으므로 일정을 확인해 주십시오.,土曜日は、まれに運行頻度が変わる場合がありますので、スケジュールを確認するようにしてください。,"Возможны незначительные изменения частоты движения по субботам, уточняйте расписание.","Thay đổi nhỏ về tần suất vào Thứ Bảy, vui lòng kiểm tra lịch trình.",Align with ridership levels.,Alineación con los niveles de pasajeros.,Հարմարեցնել ուղեվորությունների մակարդակների հետ:,與載客量配合。,승객 수에 맞춰 조정합니다.,利用者数に合わせたサービスを提供します。,Привести обслуживание в соответствие с потоком пассажиров.,Điều chỉnh cho phù hợp với lượng hành khách.
20,53,"Weekday, Saturday, and Sunday schedules have been updated.",Improve reliability.,,"Weekday, Saturday, and Sunday schedules have been updated.",Se actualizaron los horarios entre semana y de los días sábados y domingos.,"Թարմացվել են աշխատանքային, շաբաթ և կիրակի օրերերի ժամանակացույցերը։",平日、週六和週日時刻表已更新。,"평일 및 토요일, 일요일 일정이 업데이트되었습니다.",平日、土曜日、日曜日のスケジュールが更新されました。,"Обновлены расписания на будние дни, субботы и воскресенья.","Lịch trình các ngày thường trong tuần, Thứ Bảy và Chủ Nhật đã được cập nhật.",Improve reliability.,Mejorar la fiabilidad.,Բարելավել հուսալիությունը:,提升可靠性。,안정성을 개선합니다.,信頼の向上に努めます。,Повысить надежность.,Cải thiện độ tin cậy.
21,55,Weekday schedules have been updated.,Improve reliability.,,Weekday schedules have been updated.,Se actualizaron los horarios entre semana.,Թարմացվել են աշխատանքային օրերերի ժամանակացույցերը։,平日時刻表已更新。,평일 일정이 업데이트되었습니다.,平日のスケジュールが更新されました。,Обновлены расписания на будние дни.,Lịch trình các ngày thường trong tuần đã được cập nhật.,Improve reliability.,Mejorar la fiabilidad.,Բարելավել հուսալիությունը:,提升可靠性。,안정성을 개선합니다.,信頼の向上に努めます。,Повысить надежность.,Cải thiện độ tin cậy.
22,60,"Weekday, Saturday, and Sunday schedules have been updated.",Improve reliability.,,"Weekday, Saturday, and Sunday schedules have been updated.",Se actualizaron los horarios entre semana y de los días sábados y domingos.,"Թարմացվել են աշխատանքային, շաբաթ և կիրակի օրերերի ժամանակացույցերը։",平日、週六和週日時刻表已更新。,"평일 및 토요일, 일요일 일정이 업데이트되었습니다.",平日、土曜日、日曜日のスケジュールが更新されました。,"Обновлены расписания на будние дни, субботы и воскресенья.","Lịch trình các ngày thường trong tuần, Thứ Bảy và Chủ Nhật đã được cập nhật.",Improve reliability.,Mejorar la fiabilidad.,Բարելավել հուսալիությունը:,提升可靠性。,안정성을 개선합니다.,信頼の向上に努めます。,Повысить надежность.,Cải thiện độ tin cậy.
23,62,Sunday schedules have been updated.,Improve reliability.,,Sunday schedules have been updated.,Se actualizaron los horarios de los domingos.,Թարմացվել են կիրակի օրերի ժամանակացույցերը։,週日時刻表已更新。,일요일 일정이 업데이트되었습니다.,日曜日のスケジュールが更新されました。,Обновлено расписание на воскресенье.,Lịch trình Chủ Nhật đã được cập nhật.,Improve reliability.,Mejorar la fiabilidad.,Բարելավել հուսալիությունը:,提升可靠性。,안정성을 개선합니다.,信頼の向上に努めます。,Повысить надежность.,Cải thiện độ tin cậy.
24,66,"Weekday, Saturday, and Sunday schedules have been updated.",Improve reliability.,,"Weekday, Saturday, and Sunday schedules have been updated.",Se actualizaron los horarios entre semana y de los días sábados y domingos.,"Թարմացվել են աշխատանքային, շաբաթ և կիրակի օրերերի ժամանակացույցերը։",平日、週六和週日時刻表已更新。,"평일 및 토요일, 일요일 일정이 업데이트되었습니다.",平日、土曜日、日曜日のスケジュールが更新されました。,"Обновлены расписания на будние дни, субботы и воскресенья.","Lịch trình các ngày thường trong tuần, Thứ Bảy và Chủ Nhật đã được cập nhật.",Improve reliability.,Mejorar la fiabilidad.,Բարելավել հուսալիությունը:,提升可靠性。,안정성을 개선합니다.,信頼の向上に努めます。,Повысить надежность.,Cải thiện độ tin cậy.
25,70,Weekday schedules have been updated.,Improve reliability.,,Weekday schedules have been updated.,Se actualizaron los horarios entre semana.,Թարմացվել են աշխատանքային օրերերի ժամանակացույցերը։,平日時刻表已更新。,평일 일정이 업데이트되었습니다.,平日のスケジュールが更新されました。,Обновлены расписания на будние дни.,Lịch trình các ngày thường trong tuần đã được cập nhật.,Improve reliability.,Mejorar la fiabilidad.,Բարելավել հուսալիությունը:,提升可靠性。,안정성을 개선합니다.,信頼の向上に努めます。,Повысить надежность.,Cải thiện độ tin cậy.
26,76,"Weekday, Saturday, and Sunday schedules have been updated.",Improve reliability.,,"Weekday, Saturday, and Sunday schedules have been updated.",Se actualizaron los horarios entre semana y de los días sábados y domingos.,"Թարմացվել են աշխատանքային, շաբաթ և կիրակի օրերերի ժամանակացույցերը։",平日、週六和週日時刻表已更新。,"평일 및 토요일, 일요일 일정이 업데이트되었습니다.",平日、土曜日、日曜日のスケジュールが更新されました。,"Обновлены расписания на будние дни, субботы и воскресенья.","Lịch trình các ngày thường trong tuần, Thứ Bảy và Chủ Nhật đã được cập nhật.",Improve reliability.,Mejorar la fiabilidad.,Բարելավել հուսալիությունը:,提升可靠性。,안정성을 개선합니다.,信頼の向上に努めます。,Повысить надежность.,Cải thiện độ tin cậy.
27,78,Line 78 adjusted to operate every 20 minutes on weekends,Align service with ridership levels and NextGen Bus Plan.,,Line 78 adjusted to operate every 20 minutes on weekends,La Line 78 se ajusta para prestar servicio cada 20 minutos los fines de semana.,Line 78-ը հարմարեցվել է աշխատելու յուրաքանչյուր 20 րոպեն մեկ հանգստյան օրերին,Line 78已調整為週末每20分鐘一班,Line 78은 주말 운행 간격이 20분으로 조정되었습니다,Line 78の週末の運行時間を20分間隔になるように調整しました。,Транспорт по маршруту Line 78 будет ходить по выходным каждые 20 минут.,Line 78 được điều chỉnh để chạy 20 phút/chuyến vào cuối tuần.,Align service with ridership levels and NextGen Bus Plan.,Alineación del servicio con los niveles de pasajeros y con el Plan de Autobuses NextGen (NextGen Bus Plan).,Հարմարեցված ծառայություն երթևեկության մակարդակների և NextGen ավտոբուսի պլանի (NextGen Bus Plan) հետ:,服務將搭配載客量和NextGen巴士計劃 (NextGen Bus Plan)。,승객 수와 차세대 버스 플랜(NextGen Bus Plan)에 따라 서비스를 조정합니다.,利用者数やNextGenバスプラン（NextGen Bus Plan）に合わせたサービスを提供します。,Привести обслуживание в соответствие с потоком пассажиров и планом автобусных перевозок нового поколения (NextGen Bus Plan).,Điều chỉnh dịch vụ cho phù hợp với lượng hành khách và Kế Hoạch Xe Buýt NextGen (NextGen Bus Plan).
28,78,"Weekday, Saturday, and Sunday schedules have been updated.",Improve reliability.,,"Weekday, Saturday, and Sunday schedules have been updated.",Se actualizaron los horarios entre semana y de los días sábados y domingos.,"Թարմացվել են աշխատանքային, շաբաթ և կիրակի օրերերի ժամանակացույցերը։",平日、週六和週日時刻表已更新。,"평일 및 토요일, 일요일 일정이 업데이트되었습니다.",平日、土曜日、日曜日のスケジュールが更新されました。,"Обновлены расписания на будние дни, субботы и воскресенья.","Lịch trình các ngày thường trong tuần, Thứ Bảy và Chủ Nhật đã được cập nhật.",Improve reliability.,Mejorar la fiabilidad.,Բարելավել հուսալիությունը:,提升可靠性。,안정성을 개선합니다.,信頼の向上に努めます。,Повысить надежность.,Cải thiện độ tin cậy.
29,81,"Weekday, Saturday, and Sunday schedules have been updated.",Improve reliability.,,"Weekday, Saturday, and Sunday schedules have been updated.",Se actualizaron los horarios entre semana y de los días sábados y domingos.,"Թարմացվել են աշխատանքային, շաբաթ և կիրակի օրերերի ժամանակացույցերը։",平日、週六和週日時刻表已更新。,"평일 및 토요일, 일요일 일정이 업데이트되었습니다.",平日、土曜日、日曜日のスケジュールが更新されました。,"Обновлены расписания на будние дни, субботы и воскресенья.","Lịch trình các ngày thường trong tuần, Thứ Bảy và Chủ Nhật đã được cập nhật.",Improve reliability.,Mejorar la fiabilidad.,Բարելավել հուսալիությունը:,提升可靠性。,안정성을 개선합니다.,信頼の向上に努めます。,Повысить надежность.,Cải thiện độ tin cậy.
30,90,Weekday schedules have been updated.,Improve reliability.,,Weekday schedules have been updated.,Se actualizaron los horarios entre semana.,Թարմացվել են աշխատանքային օրերերի ժամանակացույցերը։,平日時刻表已更新。,평일 일정이 업데이트되었습니다.,平日のスケジュールが更新されました。,Обновлены расписания на будние дни.,Lịch trình các ngày thường trong tuần đã được cập nhật.,Improve reliability.,Mejorar la fiabilidad.,Բարելավել հուսալիությունը:,提升可靠性。,안정성을 개선합니다.,信頼の向上に努めます。,Повысить надежность.,Cải thiện độ tin cậy.
31,92,All trips on Line 92 between 9am-6pm weekdays will be extended to serve the Burbank-Sylmar segment. Service on that segment will be increased to operate every 20 minutes.,Improved frequency to reduce rider wait times weekdays between Burbank and Sylmar.,,All trips on Line 92 between 9am-6pm weekdays will be extended to serve the Burbank-Sylmar segment. Service on that segment will be increased to operate every 20 minutes.,"Todos los viajes de la Line 92 de 9:00 a. m. a 6:00 p. m., entre semana, se ampliarán para dar servicio al segmento Burbank-Sylmar. El servicio en ese segmento se incrementará para operar cada 20 minutos.",Line 92-ով բոլոր ուղևորությունները աշխատանքային օրերին ժամը 9-ից մինչև երեկոյան 6-ը կերկարաձգվեն՝ սպասարկելու Burbank-Sylmar հատվածը: Այդ հատվածում սպասարկումը կավելացվի և կաշխատի յուրաքանչյուր 20 րոպեն մեկ:,Line 92平日上午9點至下午6點間的所有班次服務範圍都將延伸至Burbank-Sylmar區段。該區段的營運服務將增加為每20分鐘一班。,주중 오전 9시~오후 6시 Line 92의 모든 운행편은 Burbank-Sylmar 구간을 연장 운행합니다. 해당 구간의 서비스가 증편되어 20분의 간격으로 운행됩니다.,Line 92は、平日の午前9時から午後6時の間、全便がBurbank-Sylmar区間に乗り入れるようになります。その区間への便を増便し、20分間隔で運行するようになります。,Все рейсы по маршруту Line 92 с 9:00 до 18:00 по будням будут продлены для обслуживания участка Burbank-Sylmar. Интервал движения на этом участке будет увеличен до 20 минут.,Tất cả các chuyến trên Line 92 từ 9 giờ sáng đến 6 giờ chiều vào các ngày thường trong tuần sẽ được mở rộng để phục vụ đoạn Burbank-Sylmar. Dịch vụ trên đoạn này sẽ được tăng tần suất lên 20 phút/chuyến.,Improved frequency to reduce rider wait times weekdays between Burbank and Sylmar.,Mejorar la frecuencia para reducir los tiempos de espera de los usuarios entre semana entre Burbank y Sylmar.,Բարելավված հաճախականություն՝ նվազեցնելու համար աշխատանքային օրերին  Burbank և Sylmar միջև ուղևորների սպասման ժամանակը:,平日在Burbank和Sylmar之間提高班次頻率以縮短乘客等待時間。,Burbank와 Sylmar 간의 주중 승객 대기 시간을 줄이고자 배차 간격을 개선했습니다.,BurbankとSylmar間で、平日の利用者の待ち時間を短縮できるよう運行頻度を向上しました。,Повышенная частота курсирования рейсов для сокращения времени ожидания пассажиров в будние дни между Burbank и Sylmar.,Cải thiện tần suất để giảm thời gian hành khách phải chờ đợi giữa Burbank và Sylmar vào các ngày thường trong tuần.
32,92,New stop on Line 92 added southbound on Spring St nearside 6th St.,Improve access to Downtown LA.,,New stop on Line 92 added southbound on Spring St nearside 6th St.,"Se agregó una nueva parada en la Line 92 con dirección al sur en Spring St, cerca de 6th St.",Line 92-ում ավելացվել է նոր կանգառ Spring St-ից դեպի հարավ 6th St.-ի մոտակայքում։,Line 92在Spring St靠近6th St側增加新的南向站點。,6th St. 인근의 Spring St에 Line 92의 남부 방면 신규 정류장이 추가되었습니다.,Line 92の南行きは、Spring Stの6th Stの付近に停留所が新設されます。,Добавлена новая остановка на маршруте Line 92 в южном направлении на улице Spring St рядом с 6th St.,"Line 92 bổ sung điểm dừng mới về phía nam trên Spring St, bên trái 6th St.",Improve access to Downtown LA.,Mejorar el acceso a Downtown LA.,Բարելավել մուտքը դեպի Downtown LA-ն:,提升前往Downtown LA的便利性。,Downtown LA로의 접근성을 개선합니다.,Downtown LAへのアクセスを改善します。,Улучшить доступ к Downtown LA.,Cải thiện khả năng tiếp cận Downtown LA.
33,94,Weekday and Saturday schedules have been updated.,Improve reliability.,,Weekday and Saturday schedules have been updated.,Se actualizaron los horarios entre semana y de los sábados.,Թարմացվել են աշխատանքային և կիրակի օրերերի ժամանակացույցերը։,平日和週六時刻表已更新。,평일 및 토요일 일정이 업데이트되었습니다.,平日と土曜日のスケジュールが更新されました。,Обновлены расписания на будние дни и субботы.,Lịch trình các ngày thường trong tuần và Thứ Bảy đã được cập nhật.,Improve reliability.,Mejorar la fiabilidad.,Բարելավել հուսալիությունը:,提升可靠性。,안정성을 개선합니다.,信頼の向上に努めます。,Повысить надежность.,Cải thiện độ tin cậy.
34,102,"Weekday, Saturday, and Sunday schedules have been updated.",Improve reliability.,,"Weekday, Saturday, and Sunday schedules have been updated.",Se actualizaron los horarios entre semana y de los días sábados y domingos.,"Թարմացվել են աշխատանքային, շաբաթ և կիրակի օրերերի ժամանակացույցերը։",平日、週六和週日時刻表已更新。,"평일 및 토요일, 일요일 일정이 업데이트되었습니다.",平日、土曜日、日曜日のスケジュールが更新されました。,"Обновлены расписания на будние дни, субботы и воскресенья.","Lịch trình các ngày thường trong tuần, Thứ Bảy và Chủ Nhật đã được cập nhật.",Improve reliability.,Mejorar la fiabilidad.,Բարելավել հուսալիությունը:,提升可靠性。,안정성을 개선합니다.,信頼の向上に努めます。,Повысить надежность.,Cải thiện độ tin cậy.
35,106,Weekday schedules have been updated.,Improve reliability.,,Weekday schedules have been updated.,Se actualizaron los horarios entre semana.,Թարմացվել են աշխատանքային օրերերի ժամանակացույցերը։,平日時刻表已更新。,평일 일정이 업데이트되었습니다.,平日のスケジュールが更新されました。,Обновлены расписания на будние дни.,Lịch trình các ngày thường trong tuần đã được cập nhật.,Improve reliability.,Mejorar la fiabilidad.,Բարելավել հուսալիությունը:,提升可靠性。,안정성을 개선합니다.,信頼の向上に努めます。,Повысить надежность.,Cải thiện độ tin cậy.
36,108,Saturday schedules have been updated.,Improve reliability.,,Saturday schedules have been updated.,Se actualizaron los horarios de los sábados.,Թարմացվել են շաբաթ օրերի ժամանակացույցերը։,週六時刻表已更新。,토요일 일정이 업데이트되었습니다.,土曜日のスケジュールが更新されました。,Обновлено расписание на субботу.,Lịch trình Thứ Bảy đã được cập nhật.,Improve reliability.,Mejorar la fiabilidad.,Բարելավել հուսալիությունը:,提升可靠性。,안정성을 개선합니다.,信頼の向上に努めます。,Повысить надежность.,Cải thiện độ tin cậy.
37,110,Weekday schedules have been updated.,Improve reliability.,,Weekday schedules have been updated.,Se actualizaron los horarios entre semana.,Թարմացվել են աշխատանքային օրերերի ժամանակացույցերը։,平日時刻表已更新。,평일 일정이 업데이트되었습니다.,平日のスケジュールが更新されました。,Обновлены расписания на будние дни.,Lịch trình các ngày thường trong tuần đã được cập nhật.,Improve reliability.,Mejorar la fiabilidad.,Բարելավել հուսալիությունը:,提升可靠性。,안정성을 개선합니다.,信頼の向上に努めます。,Повысить надежность.,Cải thiện độ tin cậy.
38,111,"Line 111 will now travel to/from LAX City Bus Center via Arbor Vitae and Jetway, no longer serving 96th St. and Airport Bl.",Long term reroute to avoid streets closed by construction.,Line 111.png,"Line 111 will now travel to/from LAX City Bus Center via Arbor Vitae and Jetway, no longer serving 96th St. and Airport Bl.","Ahora, la Line 111 viajará hacia o desde LAX City Bus Center a través de Arbor Vitae y Jetway y ya no dará servicio en 96th St. ni Airport Bl.","111 Line-ը այժմ կմեկնի դեպի LAX City Bus Center-ը տարանցելով Arbor Vitae-ն և Jetway-ը, և այլևս չի սպասարկի 96th St-ը և Airport Bl։",Line 111現在將經由Arbor Vitae和Jetway往返LAX City Bus Center，不再服務96th St和Airport Bl。,"Line 111은 이제 Arbor Vitae 및 Jetway를 경유해 LAX City Bus Center를 왕복할 예정이며, 96th St. 및 Airport Bl는 더 이상 운행하지 않습니다.",Line 111は、Arbor VitaeとJetwayを経由してLAX City Bus Centerに発着するようになります。96th StとAirport Blには停車しません。,"Маршрут Line 111 теперь будет ходить в городской автобусный центр LAX City Bus Center и из него через Arbor Vitae и Jetway, больше не обслуживая улицу 96th St. и Airport Bl.","Line 111 giờ sẽ đi đến/từ LAX City Bus Center qua Arbor Vitae và Jetway, không còn phục vụ 96th St. và Airport Bl.",Long term reroute to avoid streets closed by construction.,Cambio de ruta a largo plazo para evitar calles cerradas por obras.,Երկարատև երթուղու փոփոխություն` շինարարության պատճառով փակված փողոցներից խուսափելու համար:,長期改道以避開因工程封閉的街道。,건설 작업으로 폐쇄된 길을 피하기 위해 우회로로 경로가 재설정되었습니다.,工事のため通行止めとなっている道路を避けるため、長期的にルートを変更します。,"Долгосрочное изменение маршрута для объезда улиц, перекрытых строительством.",Thay đổi lộ trình dài hạn để tránh các con đường bị đóng do hoạt động xây dựng.
39,111,"Weekday, Saturday, and Sunday schedules have been updated.",Improve reliability.,,"Weekday, Saturday, and Sunday schedules have been updated.",Se actualizaron los horarios entre semana y de los días sábados y domingos.,"Թարմացվել են աշխատանքային, շաբաթ և կիրակի օրերերի ժամանակացույցերը։",平日、週六和週日時刻表已更新。,"평일 및 토요일, 일요일 일정이 업데이트되었습니다.",平日、土曜日、日曜日のスケジュールが更新されました。,"Обновлены расписания на будние дни, субботы и воскресенья.","Lịch trình các ngày thường trong tuần, Thứ Bảy và Chủ Nhật đã được cập nhật.",Improve reliability.,Mejorar la fiabilidad.,Բարելավել հուսալիությունը:,提升可靠性。,안정성을 개선합니다.,信頼の向上に努めます。,Повысить надежность.,Cải thiện độ tin cậy.
40,115,"Line 115 buses will turn around at Playa Del Rey via Vista Del Mar, Pacific Av, and Culver Bl.",Restore shorter route for riders after construction completed.,,"Line 115 buses will turn around at Playa Del Rey via Vista Del Mar, Pacific Av, and Culver Bl.","Los autobuses de la Line 115 darán vuelta en Playa del Rey por Vista del Mar, Pacific Av y Culver Bl.","Line 115-ի ավտոբուսները շրանցելու են Playa Del Rey-ը Vista Del Mar-ի, Pacific Av-ի և Culver Bl-ի միջով:",Line 115巴士將經由Vista Del Mar、Pacific Av和Culver Bl，在Playa Del Rey調頭。,"Line 115 버스는 Vista Del Mar, Pacific Av 및 Culver BI를 경유해 Playa Del Rey에서 회차합니다.",Line 115のバスは、Vista Del Marと、Pacific Av、Culver Blを経由してPlaya Del Reyで折り返します。,"Автобусы маршрута Line 115 будут разворачиваться в Playa Del Rey через Vista Del Mar, Pacific Av и Culver Bl.","Xe buýt trên Line 115 sẽ quay đầu tại Playa Del Rey qua Vista Del Mar, Pacific Av và Culver Bl.",Restore shorter route for riders after construction completed.,Restablecer una ruta más corta para los pasajeros una vez finalizadas las obras.,Վերականգնել ուղևորների համար ավելի կարճ երթուղի՝ շինարարության ավարտից հետո:,工程完成後，為乘客恢復較短的路線。,건설이 완료되고 나면 승객을 위한 단축 경로를 복구합니다.,工事完了後に、短縮ルートを復活させます。,Восстановить более короткий маршрут для пассажиров после завершения строительства.,Khôi phục lộ trình ngắn hơn cho hành khách sau khi hoạt động xây dựng hoàn tất.
41,120,Weekday schedules have been updated.,Improve reliability.,,Weekday schedules have been updated.,Se actualizaron los horarios entre semana.,Թարմացվել են աշխատանքային օրերերի ժամանակացույցերը։,平日時刻表已更新。,평일 일정이 업데이트되었습니다.,平日のスケジュールが更新されました。,Обновлены расписания на будние дни.,Lịch trình các ngày thường trong tuần đã được cập nhật.,Improve reliability.,Mejorar la fiabilidad.,Բարելավել հուսալիությունը:,提升可靠性。,안정성을 개선합니다.,信頼の向上に努めます。,Повысить надежность.,Cải thiện độ tin cậy.
42,128,Saturday and Sunday schedules have been updated.,Improve reliability.,,Saturday and Sunday schedules have been updated.,Se actualizaron los horarios de los sábados y domingos.,Թարմացվել են շաբաթ և կիրակի օրերի ժամանակացույցերը։,週六和週日時刻表已更新。,토요일 및 일요일 일정이 업데이트되었습니다.,土曜日と日曜日のスケジュールが更新されました。,Обновлены расписания на субботу и воскресенье.,Lịch trình Thứ Bảy và Chủ Nhật đã được cập nhật.,Improve reliability.,Mejorar la fiabilidad.,Բարելավել հուսալիությունը:,提升可靠性。,안정성을 개선합니다.,信頼の向上に努めます。,Повысить надежность.,Cải thiện độ tin cậy.
43,134,Saturday and Sunday schedules have been updated.,Improve reliability.,,Saturday and Sunday schedules have been updated.,Se actualizaron los horarios de los sábados y domingos.,Թարմացվել են շաբաթ և կիրակի օրերի ժամանակացույցերը։,週六和週日時刻表已更新。,토요일 및 일요일 일정이 업데이트되었습니다.,土曜日と日曜日のスケジュールが更新されました。,Обновлены расписания на субботу и воскресенье.,Lịch trình Thứ Bảy và Chủ Nhật đã được cập nhật.,Improve reliability.,Mejorar la fiabilidad.,Բարելավել հուսալիությունը:,提升可靠性。,안정성을 개선합니다.,信頼の向上に努めます。,Повысить надежность.,Cải thiện độ tin cậy.
44,150,"Weekday, Saturday, and Sunday schedules have been updated.",Improve reliability.,,"Weekday, Saturday, and Sunday schedules have been updated.",Se actualizaron los horarios entre semana y de los días sábados y domingos.,"Թարմացվել են աշխատանքային, շաբաթ և կիրակի օրերերի ժամանակացույցերը։",平日、週六和週日時刻表已更新。,"평일 및 토요일, 일요일 일정이 업데이트되었습니다.",平日、土曜日、日曜日のスケジュールが更新されました。,"Обновлены расписания на будние дни, субботы и воскресенья.","Lịch trình các ngày thường trong tuần, Thứ Bảy và Chủ Nhật đã được cập nhật.",Improve reliability.,Mejorar la fiabilidad.,Բարելավել հուսալիությունը:,提升可靠性。,안정성을 개선합니다.,信頼の向上に努めます。,Повысить надежность.,Cải thiện độ tin cậy.
45,152,"Weekday, Saturday, and Sunday schedules have been updated.",Improve reliability.,,"Weekday, Saturday, and Sunday schedules have been updated.",Se actualizaron los horarios entre semana y de los días sábados y domingos.,"Թարմացվել են աշխատանքային, շաբաթ և կիրակի օրերերի ժամանակացույցերը։",平日、週六和週日時刻表已更新。,"평일 및 토요일, 일요일 일정이 업데이트되었습니다.",平日、土曜日、日曜日のスケジュールが更新されました。,"Обновлены расписания на будние дни, субботы и воскресенья.","Lịch trình các ngày thường trong tuần, Thứ Bảy và Chủ Nhật đã được cập nhật.",Improve reliability.,Mejorar la fiabilidad.,Բարելավել հուսալիությունը:,提升可靠性。,안정성을 개선합니다.,信頼の向上に努めます。,Повысить надежность.,Cải thiện độ tin cậy.
46,155,Weekday schedules have been updated.,Improve reliability.,,Weekday schedules have been updated.,Se actualizaron los horarios entre semana.,Թարմացվել են աշխատանքային օրերերի ժամանակացույցերը։,平日時刻表已更新。,평일 일정이 업데이트되었습니다.,平日のスケジュールが更新されました。,Обновлены расписания на будние дни.,Lịch trình các ngày thường trong tuần đã được cập nhật.,Improve reliability.,Mejorar la fiabilidad.,Բարելավել հուսալիությունը:,提升可靠性。,안정성을 개선합니다.,信頼の向上に努めます。,Повысить надежность.,Cải thiện độ tin cậy.
47,161,Weekday schedules have been updated.,Improve reliability.,,Weekday schedules have been updated.,Se actualizaron los horarios entre semana.,Թարմացվել են աշխատանքային օրերերի ժամանակացույցերը։,平日時刻表已更新。,평일 일정이 업데이트되었습니다.,平日のスケジュールが更新されました。,Обновлены расписания на будние дни.,Lịch trình các ngày thường trong tuần đã được cập nhật.,Improve reliability.,Mejorar la fiabilidad.,Բարելավել հուսալիությունը:,提升可靠性。,안정성을 개선합니다.,信頼の向上に努めます。,Повысить надежность.,Cải thiện độ tin cậy.
48,162,Weekday schedules have been updated.,Improve reliability.,,Weekday schedules have been updated.,Se actualizaron los horarios entre semana.,Թարմացվել են աշխատանքային օրերերի ժամանակացույցերը։,平日時刻表已更新。,평일 일정이 업데이트되었습니다.,平日のスケジュールが更新されました。,Обновлены расписания на будние дни.,Lịch trình các ngày thường trong tuần đã được cập nhật.,Improve reliability.,Mejorar la fiabilidad.,Բարելավել հուսալիությունը:,提升可靠性。,안정성을 개선합니다.,信頼の向上に努めます。,Повысить надежность.,Cải thiện độ tin cậy.
49,164,"Minor weekday frequency changes, please check schedule.",Align with ridership levels.,,"Minor weekday frequency changes, please check schedule.","Para conocer los cambios menores sobre la frecuencia entre semana, consulte el horario.","Աշխատանքային օրերին կան հաճախականության փոքր փոփոխություններ, խնդրում ենք ստուգել ժամանակացույցը:",平日班次頻率有小幅變動，請查看時刻表。,주중 운행 간격이 다소 조정되었으므로 일정을 확인해 주십시오.,平日は、まれに運行頻度が変わる場合がありますので、スケジュールを確認するようにしてください。,"Возможны незначительные изменения частоты движения в будние дни, уточняйте расписание.","Thay đổi nhỏ về tần suất vào các ngày thường trong tuần, vui lòng kiểm tra lịch trình.",Align with ridership levels.,Alineación con los niveles de pasajeros.,Հարմարեցնել ուղեվորությունների մակարդակների հետ:,與載客量配合。,승객 수에 맞춰 조정합니다.,利用者数に合わせたサービスを提供します。,Привести обслуживание в соответствие с потоком пассажиров.,Điều chỉnh cho phù hợp với lượng hành khách.
50,166,"Weekday, Saturday, and Sunday schedules have been updated.",Improve reliability.,,"Weekday, Saturday, and Sunday schedules have been updated.",Se actualizaron los horarios entre semana y de los días sábados y domingos.,"Թարմացվել են աշխատանքային, շաբաթ և կիրակի օրերերի ժամանակացույցերը։",平日、週六和週日時刻表已更新。,"평일 및 토요일, 일요일 일정이 업데이트되었습니다.",平日、土曜日、日曜日のスケジュールが更新されました。,"Обновлены расписания на будние дни, субботы и воскресенья.","Lịch trình các ngày thường trong tuần, Thứ Bảy và Chủ Nhật đã được cập nhật.",Improve reliability.,Mejorar la fiabilidad.,Բարելավել հուսալիությունը:,提升可靠性。,안정성을 개선합니다.,信頼の向上に努めます。,Повысить надежность.,Cải thiện độ tin cậy.
51,167,Weekday schedules have been updated.,Improve reliability.,,Weekday schedules have been updated.,Se actualizaron los horarios entre semana.,Թարմացվել են աշխատանքային օրերերի ժամանակացույցերը։,平日時刻表已更新。,평일 일정이 업데이트되었습니다.,平日のスケジュールが更新されました。,Обновлены расписания на будние дни.,Lịch trình các ngày thường trong tuần đã được cập nhật.,Improve reliability.,Mejorar la fiabilidad.,Բարելավել հուսալիությունը:,提升可靠性。,안정성을 개선합니다.,信頼の向上に努めます。,Повысить надежность.,Cải thiện độ tin cậy.
52,169,Weekend service on Line 169 will extend beyond Saticoy St/Topanga Canyon Bl to Canoga Station.,Improve weekend service for the Valley Circle area.,,Weekend service on Line 169 will extend beyond Saticoy St/Topanga Canyon Bl to Canoga Station.,El servicio de fin de semana de la Line 169 se extenderá más allá de Saticoy St/Topanga Canyon Bl hasta Canoga Station.,Հանգստյան օրերին Line 169-ի ծառայությունը կտարածվի Saticoy St/Topanga Canyon Blvd-ից մինչև Canoga Station-ը:,Line 169週末的服務將從Saticoy St/Topanga Canyon Bl延伸至Canoga Station。,Saticoy St/Topanga Canyon Bl에서 Canoga Station까지 Line 169의 주말 서비스가 연장됩니다.,Line 169の週末の便は、Saticoy St/Topanga Canyon BlからCanoga Stationまで延伸されます。,По выходным работа на маршруте Line 169 будет продлена за пределы Saticoy St/Topanga Canyon Bl до станции Canoga Station.,Dịch vụ vào cuối tuần trên Line 169 sẽ mở rộng ra ngoài Saticoy St/Topanga Canyon Bl đến Canoga Station.,Improve weekend service for the Valley Circle area.,Mejorar el servicio de fin de semana en la zona de Valley Circle.,Բարելավել հանգստյան օրերի սպասարկումը Valley Circle տարածքի համար:,提升Valley Circle區域的週末服務。,Valley Circle 지역의 주말 서비스를 개선합니다.,Valley Circle地域の週末の運行状況を改善します。,Улучшить обслуживание в выходные дни в районе Valley Circle.,Cải thiện dịch vụ vào cuối tuần cho khu vực Valley Circle.
53,169,"Weekday, Saturday, and Sunday schedules have been updated.",Improve reliability.,,"Weekday, Saturday, and Sunday schedules have been updated.",Se actualizaron los horarios entre semana y de los días sábados y domingos.,"Թարմացվել են աշխատանքային, շաբաթ և կիրակի օրերերի ժամանակացույցերը։",平日、週六和週日時刻表已更新。,"평일 및 토요일, 일요일 일정이 업데이트되었습니다.",平日、土曜日、日曜日のスケジュールが更新されました。,"Обновлены расписания на будние дни, субботы и воскресенья.","Lịch trình các ngày thường trong tuần, Thứ Bảy và Chủ Nhật đã được cập nhật.",Improve reliability.,Mejorar la fiabilidad.,Բարելավել հուսալիությունը:,提升可靠性。,안정성을 개선합니다.,信頼の向上に努めます。,Повысить надежность.,Cải thiện độ tin cậy.
54,177,Weekday schedules have been updated.,Improve reliability.,,Weekday schedules have been updated.,Se actualizaron los horarios entre semana.,Թարմացվել են աշխատանքային օրերերի ժամանակացույցերը։,平日時刻表已更新。,평일 일정이 업데이트되었습니다.,平日のスケジュールが更新されました。,Обновлены расписания на будние дни.,Lịch trình các ngày thường trong tuần đã được cập nhật.,Improve reliability.,Mejorar la fiabilidad.,Բարելավել հուսալիությունը:,提升可靠性。,안정성을 개선합니다.,信頼の向上に努めます。,Повысить надежность.,Cải thiện độ tin cậy.
55,177,New terminus for Line 177 on Wilson Av northbound near Del Mar Bl.,Move away from residential buildings to location next to Caltech Campus.,Line 177.jpg,New terminus for Line 177 on Wilson Av northbound near Del Mar Bl.,"Nueva terminal para la Line 177 en Wilson Av con dirección al norte, cerca de Del Mar Bl.",Նոր վերջնականգառ Line 177-ի համար Wilson Av-ի վրա դեպի հյուսիս Del Mar Bl-ի մոտակայքում։,Line 177在Wilson Av北向靠近Del Mar Bl處設立新的終點站。,Del Mar Bl 인근의 Wilson Av 북부 방면에 Line 177의 신규 종점이 있습니다.,Line 177の新しい終点は、Wilson Avの北行き、Del Mar Bl付近となります。,Новая конечная остановка на маршруте Line 177 на улице Wilson Av в северном направлении рядом с Del Mar Bl.,"Ga cuối mới về phía bắc cho Line 177 trên Wilson Av, gần Del Mar Bl.",Move away from residential buildings to location next to Caltech Campus.,Alejarse de edificios residenciales a una ubicación junto a Caltech Campus.,Հեռացնել բնակելի շենքերից դեպի Caltech Campus-ի կողքին գտնվող վայրը:,從住宅大樓移至Caltech Campus旁邊的地點。,거주용 빌딩에서 Caltech Campus 옆에 있는 장소로 이전합니다.,住宅地からなるべく離れ、Caltech Campusに隣接する場所に移動します。,Перемещение от жилых домов к месту рядом с Caltech Campus.,Di chuyển ra khỏi các tòa nhà dân cư đến địa điểm gần Caltech Campus.
56,179,Late evening trips on Line 179 via Huntington Dr extended to match daytime trips.,Improve late evening service.,Line 179.jpg,Late evening trips on Line 179 via Huntington Dr extended to match daytime trips.,Los viajes nocturnos de la Line 179 a través de Huntington Dr se ampliarán para coincidir con los viajes diurnos.,"Line 179-ով ուշ երեկոյան ուղևորությունները Huntington Dr-ի միջով երկարաձգվեցին, որպեսզի համապատասխանեն ցերեկային ուղևորություններին:",Line 179經由Huntington Dr的傍晚班次已延長，以便與日間班次相符。,Huntington Dr를 경유하는 Line 179의 심야 운행편이 주중 운행편과 맞추기 위해 연장됩니다.,Huntington Dr経由のLine 179は、深夜便も日中便と同じになるように延伸します。,Поздние вечерние рейсы по маршруту Line 179 через Huntington Dr продлены для соответствия дневным рейсам.,Các chuyến vào buổi tối muộn trên Line 179 qua Huntington Dr được mở rộng cho phù hợp với các chuyến vào ban ngày.,Improve late evening service.,Mejorar el servicio nocturno.,Բարելավել ուշ երեկոյան սպասարկումը:,提升傍晚的服務。,심야 서비스를 개선합니다.,深夜便の運行状況を改善します。,Улучшить обслуживание в поздние вечерние часы.,Cải thiện dịch vụ vào buổi tối muộn.
57,179,"Minor weekday frequency changes, please check schedule.",Align with ridership levels.,,"Minor weekday frequency changes, please check schedule.","Para conocer los cambios menores sobre la frecuencia entre semana, consulte el horario.","Աշխատանքային օրերին կան հաճախականության փոքր փոփոխություններ, խնդրում ենք ստուգել ժամանակացույցը:",平日班次頻率有小幅變動，請查看時刻表。,주중 운행 간격이 다소 조정되었으므로 일정을 확인해 주십시오.,平日は、まれに運行頻度が変わる場合がありますので、スケジュールを確認するようにしてください。,"Возможны незначительные изменения частоты движения в будние дни, уточняйте расписание.","Thay đổi nhỏ về tần suất vào các ngày thường trong tuần, vui lòng kiểm tra lịch trình.",Align with ridership levels.,Alineación con los niveles de pasajeros.,Հարմարեցնել ուղեվորությունների մակարդակների հետ:,與載客量配合。,승객 수에 맞춰 조정합니다.,利用者数に合わせたサービスを提供します。,Привести обслуживание в соответствие с потоком пассажиров.,Điều chỉnh cho phù hợp với lượng hành khách.
58,180,Westbound stop at Broadway/Artsakh is being discontinued. Alternative stops are located at Broadway/Louise and Brand/Broadway.,Allow buses enough distance to turn left from westbound Broadway to southbound Brand.,Line 180.jpg,Westbound stop at Broadway/Artsakh is being discontinued. Alternative stops are located at Broadway/Louise and Brand/Broadway.,Se suspenderá el servicio en la parada Broadway/Artsakh con dirección al oeste. Hay paradas alternativas en Broadway/Louise y Brand/Broadway.,Broadway/Artsakh-ի դեպի արևմուտք կանգառը դադարեցվում է։ Այլընտրանքային կանգառները գտնվում են Broadway/Louise և Brand/Broadway-ում:,Broadway/Artsakh的西向站點將停駛。替代站點位於Broadway/Louise和Brand/Broadway。,Broadway/Artsakh의 서부 방면 정류장은 운영이 중단됩니다. 대체 정류장은 Broadway/Louise 및 Brand/Broadway에 있습니다.,Broadway/Artsakhの西行きのバス停は廃止されます。代わりのバス停は、Broadway/LouiseとBrand/Broadwayにあります。,Остановка на Broadway/Artsakh в западном направлении прекращает работу. Альтернативные остановки расположены на Broadway/Louise и Brand/Broadway.,Điểm dừng về phía tây ở Broadway/Artsakh sẽ ngừng hoạt động. Các điểm dừng thay thế nằm ở Broadway/Louise và Brand/Broadway.,Allow buses enough distance to turn left from westbound Broadway to southbound Brand.,"Dejar a los autobuses suficiente distancia para girar a la izquierda con dirección al oeste, desde Broadway hacia Brand en dirección al sur.",Թույլ տալ ավտոբուսներին բավականաչափ հեռավորություն՝ արևմուտքում Broadway-ից դեպի հարավում Brand-ը։,從Broadway西向到Brand南向，讓巴士有足夠的距離能夠左轉。,버스가 Broadway 서부 방면에서 Brand 남부 방면으로 좌회전할 충분한 거리를 허용합니다.,バスが西行きのBroadwayから南行きのBrandに左折するのに十分な距離を確保します。,Предоставить автобусам достаточное расстояние для поворота налево с западного Broadway на южный Brand.,Đảm bảo các xe buýt có đủ khoảng cách để rẽ trái từ Broadway về phía tây đến Brand về phía nam.
59,180,"Weekday, Saturday, and Sunday schedules have been updated.",Improve reliability.,,"Weekday, Saturday, and Sunday schedules have been updated.",Se actualizaron los horarios entre semana y de los días sábados y domingos.,"Թարմացվել են աշխատանքային, շաբաթ և կիրակի օրերերի ժամանակացույցերը։",平日、週六和週日時刻表已更新。,"평일 및 토요일, 일요일 일정이 업데이트되었습니다.",平日、土曜日、日曜日のスケジュールが更新されました。,"Обновлены расписания на будние дни, субботы и воскресенья.","Lịch trình các ngày thường trong tuần, Thứ Bảy và Chủ Nhật đã được cập nhật.",Improve reliability.,Mejorar la fiabilidad.,Բարելավել հուսալիությունը:,提升可靠性。,안정성을 개선합니다.,信頼の向上に努めます。,Повысить надежность.,Cải thiện độ tin cậy.
60,182,"Weekday, Saturday, and Sunday schedules have been updated.",Improve reliability.,,"Weekday, Saturday, and Sunday schedules have been updated.",Se actualizaron los horarios entre semana y de los días sábados y domingos.,"Թարմացվել են աշխատանքային, շաբաթ և կիրակի օրերերի ժամանակացույցերը։",平日、週六和週日時刻表已更新。,"평일 및 토요일, 일요일 일정이 업데이트되었습니다.",平日、土曜日、日曜日のスケジュールが更新されました。,"Обновлены расписания на будние дни, субботы и воскресенья.","Lịch trình các ngày thường trong tuần, Thứ Bảy và Chủ Nhật đã được cập nhật.",Improve reliability.,Mejorar la fiabilidad.,Բարելավել հուսալիությունը:,提升可靠性。,안정성을 개선합니다.,信頼の向上に努めます。,Повысить надежность.,Cải thiện độ tin cậy.
61,205,Last southbound trip on Line 205 extended to San Pedro weekdays and weekends.,Improve late night access for riders to San Pedro.,,Last southbound trip on Line 205 extended to San Pedro weekdays and weekends.,El último viaje en dirección al sur de la Line 205 se ampliará hasta San Pedro entre semana y los fines de semana.,Line 205-ով դեպի հարավ վերջին ուղերթը երկարաձգվեց մինչև San Pedro աշխատանքային և հանգստյան օրերին:,平日和週末的Line 205最後一班南向班次已延伸至San Pedro。,Line 205의 마지막 남쪽 방면 운행편이 주중 및 주말에 San Pedro까지 연장됩니다.,Line 205の南行きの路線の最終便は、平日、週末ともにSan Pedroまで延伸します。,Последний рейс в южном направлении по маршруту Line 205 продлен до San Pedro по будням и выходным.,Chuyến về phía nam cuối cùng trên Line 205 được mở rộng đến San Pedro vào các ngày thường trong tuần và cuối tuần.,Improve late night access for riders to San Pedro.,Mejorar el acceso nocturno de los pasajeros a San Pedro.,Բարելավել ուղևորների համար ուշ գիշերային մուտքը դեպի San Pedro:,提升夜間乘客前往San Pedro的便利性。,San Pedro행 승객을 위한 심야 접근성을 개선합니다.,San Pedro行きの利用者が深夜便を利用しやすくなるように改善します。,Улучшить доступ пассажиров в San Pedro поздним вечером.,Cải thiện khả năng tiếp cận vào buổi tối muộn cho hành khách đến San Pedro.
62,205,"Weekday, Saturday, and Sunday schedules have been updated.",Improve reliability.,,"Weekday, Saturday, and Sunday schedules have been updated.",Se actualizaron los horarios entre semana y de los días sábados y domingos.,"Թարմացվել են աշխատանքային, շաբաթ և կիրակի օրերերի ժամանակացույցերը։",平日、週六和週日時刻表已更新。,"평일 및 토요일, 일요일 일정이 업데이트되었습니다.",平日、土曜日、日曜日のスケジュールが更新されました。,"Обновлены расписания на будние дни, субботы и воскресенья.","Lịch trình các ngày thường trong tuần, Thứ Bảy và Chủ Nhật đã được cập nhật.",Improve reliability.,Mejorar la fiabilidad.,Բարելավել հուսալիությունը:,提升可靠性。,안정성을 개선합니다.,信頼の向上に努めます。,Повысить надежность.,Cải thiện độ tin cậy.
63,206,"Weekday, Saturday, and Sunday schedules have been updated.",Improve reliability.,,"Weekday, Saturday, and Sunday schedules have been updated.",Se actualizaron los horarios entre semana y de los días sábados y domingos.,"Թարմացվել են աշխատանքային, շաբաթ և կիրակի օրերերի ժամանակացույցերը։",平日、週六和週日時刻表已更新。,"평일 및 토요일, 일요일 일정이 업데이트되었습니다.",平日、土曜日、日曜日のスケジュールが更新されました。,"Обновлены расписания на будние дни, субботы и воскресенья.","Lịch trình các ngày thường trong tuần, Thứ Bảy và Chủ Nhật đã được cập nhật.",Improve reliability.,Mejorar la fiabilidad.,Բարելավել հուսալիությունը:,提升可靠性。,안정성을 개선합니다.,信頼の向上に努めます。,Повысить надежность.,Cải thiện độ tin cậy.
64,207,Weekday schedules have been updated.,Improve reliability.,,Weekday schedules have been updated.,Se actualizaron los horarios entre semana.,Թարմացվել են աշխատանքային օրերերի ժամանակացույցերը։,平日時刻表已更新。,평일 일정이 업데이트되었습니다.,平日のスケジュールが更新されました。,Обновлены расписания на будние дни.,Lịch trình các ngày thường trong tuần đã được cập nhật.,Improve reliability.,Mejorar la fiabilidad.,Բարելավել հուսալիությունը:,提升可靠性。,안정성을 개선합니다.,信頼の向上に努めます。,Повысить надежность.,Cải thiện độ tin cậy.
65,207,"Minor Saturday and Sunday frequency changes, please check schedule.",Align with ridership levels.,,"Minor Saturday and Sunday frequency changes, please check schedule.","Para conocer los cambios menores sobre la frecuencia los días sábados y domingos, consulte el horario.","Շաբաթ և կիրակի օրերին կան հաճախականության փոքր փոփոխություններ, խնդրում ենք ստուգել ժամանակացույցը:",週六和週日班次頻率有小幅變動，請查看時刻表。,토요일 및 일요일 운행 간격이 다소 조정되었으므로 일정을 확인해 주십시오.,土曜日と日曜日は、まれに運行頻度が変わる場合がありますので、スケジュールを確認するようにしてください。,"Возможны незначительные изменения частоты движения по субботам и воскресеньям, уточняйте расписание.","Thay đổi nhỏ về tần suất vào Thứ Bảy và Chủ Nhật, vui lòng kiểm tra lịch trình.",Align with ridership levels.,Alineación con los niveles de pasajeros.,Հարմարեցնել ուղեվորությունների մակարդակների հետ:,與載客量配合。,승객 수에 맞춰 조정합니다.,利用者数に合わせたサービスを提供します。,Привести обслуживание в соответствие с потоком пассажиров.,Điều chỉnh cho phù hợp với lượng hành khách.
66,210,"Weekday, Saturday, and Sunday schedules have been updated.",Improve reliability.,,"Weekday, Saturday, and Sunday schedules have been updated.",Se actualizaron los horarios entre semana y de los días sábados y domingos.,"Թարմացվել են աշխատանքային, շաբաթ և կիրակի օրերերի ժամանակացույցերը։",平日、週六和週日時刻表已更新。,"평일 및 토요일, 일요일 일정이 업데이트되었습니다.",平日、土曜日、日曜日のスケジュールが更新されました。,"Обновлены расписания на будние дни, субботы и воскресенья.","Lịch trình các ngày thường trong tuần, Thứ Bảy và Chủ Nhật đã được cập nhật.",Improve reliability.,Mejorar la fiabilidad.,Բարելավել հուսալիությունը:,提升可靠性。,안정성을 개선합니다.,信頼の向上に努めます。,Повысить надежность.,Cải thiện độ tin cậy.
67,211,Weekday schedules have been updated.,Improve reliability.,,Weekday schedules have been updated.,Se actualizaron los horarios entre semana.,Թարմացվել են աշխատանքային օրերերի ժամանակացույցերը։,平日時刻表已更新。,평일 일정이 업데이트되었습니다.,平日のスケジュールが更新されました。,Обновлены расписания на будние дни.,Lịch trình các ngày thường trong tuần đã được cập nhật.,Improve reliability.,Mejorar la fiabilidad.,Բարելավել հուսալիությունը:,提升可靠性。,안정성을 개선합니다.,信頼の向上に努めます。,Повысить надежность.,Cải thiện độ tin cậy.
68,212,"Weekday, Saturday, and Sunday schedules have been updated.",Improve reliability.,,"Weekday, Saturday, and Sunday schedules have been updated.",Se actualizaron los horarios entre semana y de los días sábados y domingos.,"Թարմացվել են աշխատանքային, շաբաթ և կիրակի օրերերի ժամանակացույցերը։",平日、週六和週日時刻表已更新。,"평일 및 토요일, 일요일 일정이 업데이트되었습니다.",平日、土曜日、日曜日のスケジュールが更新されました。,"Обновлены расписания на будние дни, субботы и воскресенья.","Lịch trình các ngày thường trong tuần, Thứ Bảy và Chủ Nhật đã được cập nhật.",Improve reliability.,Mejorar la fiabilidad.,Բարելավել հուսալիությունը:,提升可靠性。,안정성을 개선합니다.,信頼の向上に努めます。,Повысить надежность.,Cải thiện độ tin cậy.
69,215,Weekday schedules have been updated.,Improve reliability.,,Weekday schedules have been updated.,Se actualizaron los horarios entre semana.,Թարմացվել են աշխատանքային օրերերի ժամանակացույցերը։,平日時刻表已更新。,평일 일정이 업데이트되었습니다.,平日のスケジュールが更新されました。,Обновлены расписания на будние дни.,Lịch trình các ngày thường trong tuần đã được cập nhật.,Improve reliability.,Mejorar la fiabilidad.,Բարելավել հուսալիությունը:,提升可靠性。,안정성을 개선합니다.,信頼の向上に努めます。,Повысить надежность.,Cải thiện độ tin cậy.
70,217,"Weekday, Saturday, and Sunday schedules have been updated.",Improve reliability.,,"Weekday, Saturday, and Sunday schedules have been updated.",Se actualizaron los horarios entre semana y de los días sábados y domingos.,"Թարմացվել են աշխատանքային, շաբաթ և կիրակի օրերերի ժամանակացույցերը։",平日、週六和週日時刻表已更新。,"평일 및 토요일, 일요일 일정이 업데이트되었습니다.",平日、土曜日、日曜日のスケジュールが更新されました。,"Обновлены расписания на будние дни, субботы и воскресенья.","Lịch trình các ngày thường trong tuần, Thứ Bảy và Chủ Nhật đã được cập nhật.",Improve reliability.,Mejorar la fiabilidad.,Բարելավել հուսալիությունը:,提升可靠性。,안정성을 개선합니다.,信頼の向上に努めます。,Повысить надежность.,Cải thiện độ tin cậy.
71,224,"Minor timing changes, please check schedule.",Improve reliability.,,"Minor timing changes, please check schedule.","Minor timing changes, please check schedule.","Minor timing changes, please check schedule.","Minor timing changes, please check schedule.","Minor timing changes, please check schedule.","Minor timing changes, please check schedule.","Minor timing changes, please check schedule.","Minor timing changes, please check schedule.",Improve reliability.,Mejorar la fiabilidad.,Բարելավել հուսալիությունը:,提升可靠性。,안정성을 개선합니다.,信頼の向上に努めます。,Повысить надежность.,Cải thiện độ tin cậy.
72,232,"Weekday, Saturday, and Sunday schedules have been updated.",Improve reliability.,,"Weekday, Saturday, and Sunday schedules have been updated.",Se actualizaron los horarios entre semana y de los días sábados y domingos.,"Թարմացվել են աշխատանքային, շաբաթ և կիրակի օրերերի ժամանակացույցերը։",平日、週六和週日時刻表已更新。,"평일 및 토요일, 일요일 일정이 업데이트되었습니다.",平日、土曜日、日曜日のスケジュールが更新されました。,"Обновлены расписания на будние дни, субботы и воскресенья.","Lịch trình các ngày thường trong tuần, Thứ Bảy và Chủ Nhật đã được cập nhật.",Improve reliability.,Mejorar la fiabilidad.,Բարելավել հուսալիությունը:,提升可靠性。,안정성을 개선합니다.,信頼の向上に努めます。,Повысить надежность.,Cải thiện độ tin cậy.
73,233,"Minor weekday frequency changes, please check schedule.",Align with ridership levels.,,"Minor weekday frequency changes, please check schedule.","Para conocer los cambios menores sobre la frecuencia entre semana, consulte el horario.","Աշխատանքային օրերին կան հաճախականության փոքր փոփոխություններ, խնդրում ենք ստուգել ժամանակացույցը:",平日班次頻率有小幅變動，請查看時刻表。,주중 운행 간격이 다소 조정되었으므로 일정을 확인해 주십시오.,平日は、まれに運行頻度が変わる場合がありますので、スケジュールを確認するようにしてください。,"Возможны незначительные изменения частоты движения в будние дни, уточняйте расписание.","Thay đổi nhỏ về tần suất vào các ngày thường trong tuần, vui lòng kiểm tra lịch trình.",Align with ridership levels.,Alineación con los niveles de pasajeros.,Հարմարեցնել ուղեվորությունների մակարդակների հետ:,與載客量配合。,승객 수에 맞춰 조정합니다.,利用者数に合わせたサービスを提供します。,Привести обслуживание в соответствие с потоком пассажиров.,Điều chỉnh cho phù hợp với lượng hành khách.
74,234,"Minor weekday, Saturday, and Sunday frequency changes, please check schedule.",Align with ridership levels.,,"Minor weekday, Saturday, and Sunday frequency changes, please check schedule.","Para conocer los cambios menores sobre la frecuencia entre semana y los días sábados y domingos, consulte el horario.","Աշխատանքային, շաբաթ և կիրակի օրերին կան հաճախականությունների փոքր փոփոխություններ, խնդրում ենք ստուգել ժամանակացույցը:",平日、週六和週日班次頻率有小幅變動，請查看時刻表。,"주중, 토요일 및 일요일 운행 간격이 다소 조정되었으므로 일정을 확인해 주십시오.",平日と週末は、まれに運行頻度が変わる場合がありますので、スケジュールを確認するようにしてください。,"Возможны незначительные изменения частоты движения в будние дни, субботу и воскресенье, уточняйте расписание.","Thay đổi nhỏ về tần suất vào các ngày thường trong tuần, Thứ Bảy và Chủ Nhật, vui lòng kiểm tra lịch trình.",Align with ridership levels.,Alineación con los niveles de pasajeros.,Հարմարեցնել ուղեվորությունների մակարդակների հետ:,與載客量配合。,승객 수에 맞춰 조정합니다.,利用者数に合わせたサービスを提供します。,Привести обслуживание в соответствие с потоком пассажиров.,Điều chỉnh cho phù hợp với lượng hành khách.
75,235,Weekday schedules have been updated.,Improve reliability.,,Weekday schedules have been updated.,Se actualizaron los horarios entre semana.,Թարմացվել են աշխատանքային օրերերի ժամանակացույցերը։,平日時刻表已更新。,평일 일정이 업데이트되었습니다.,平日のスケジュールが更新されました。,Обновлены расписания на будние дни.,Lịch trình các ngày thường trong tuần đã được cập nhật.,Improve reliability.,Mejorar la fiabilidad.,Բարելավել հուսալիությունը:,提升可靠性。,안정성을 개선합니다.,信頼の向上に努めます。,Повысить надежность.,Cải thiện độ tin cậy.
76,236,Weekday and Saturday schedules have been updated.,Improve reliability.,,Weekday and Saturday schedules have been updated.,Se actualizaron los horarios entre semana y de los sábados.,Թարմացվել են աշխատանքային և կիրակի օրերերի ժամանակացույցերը։,平日和週六時刻表已更新。,평일 및 토요일 일정이 업데이트되었습니다.,平日と土曜日のスケジュールが更新されました。,Обновлены расписания на будние дни и субботы.,Lịch trình các ngày thường trong tuần và Thứ Bảy đã được cập nhật.,Improve reliability.,Mejorar la fiabilidad.,Բարելավել հուսալիությունը:,提升可靠性。,안정성을 개선합니다.,信頼の向上に努めます。,Повысить надежность.,Cải thiện độ tin cậy.
77,237,"Minor timing changes, please check schedule.",Improve reliability.,,"Minor timing changes, please check schedule.","Minor timing changes, please check schedule.","Minor timing changes, please check schedule.","Minor timing changes, please check schedule.","Minor timing changes, please check schedule.","Minor timing changes, please check schedule.","Minor timing changes, please check schedule.","Minor timing changes, please check schedule.",Improve reliability.,Mejorar la fiabilidad.,Բարելավել հուսալիությունը:,提升可靠性。,안정성을 개선합니다.,信頼の向上に努めます。,Повысить надежность.,Cải thiện độ tin cậy.
78,240,"Weekday, Saturday, and Sunday schedules have been updated.",Improve reliability.,,"Weekday, Saturday, and Sunday schedules have been updated.",Se actualizaron los horarios entre semana y de los días sábados y domingos.,"Թարմացվել են աշխատանքային, շաբաթ և կիրակի օրերերի ժամանակացույցերը։",平日、週六和週日時刻表已更新。,"평일 및 토요일, 일요일 일정이 업데이트되었습니다.",平日、土曜日、日曜日のスケジュールが更新されました。,"Обновлены расписания на будние дни, субботы и воскресенья.","Lịch trình các ngày thường trong tuần, Thứ Bảy và Chủ Nhật đã được cập nhật.",Improve reliability.,Mejorar la fiabilidad.,Բարելավել հուսալիությունը:,提升可靠性。,안정성을 개선합니다.,信頼の向上に努めます。,Повысить надежность.,Cải thiện độ tin cậy.
79,242,Weekday schedules have been updated.,Improve reliability.,,Weekday schedules have been updated.,Se actualizaron los horarios entre semana.,Թարմացվել են աշխատանքային օրերերի ժամանակացույցերը։,平日時刻表已更新。,평일 일정이 업데이트되었습니다.,平日のスケジュールが更新されました。,Обновлены расписания на будние дни.,Lịch trình các ngày thường trong tuần đã được cập nhật.,Improve reliability.,Mejorar la fiabilidad.,Բարելավել հուսալիությունը:,提升可靠性。,안정성을 개선합니다.,信頼の向上に努めます。,Повысить надежность.,Cải thiện độ tin cậy.
80,243,Weekday schedules have been updated.,Improve reliability.,,Weekday schedules have been updated.,Se actualizaron los horarios entre semana.,Թարմացվել են աշխատանքային օրերերի ժամանակացույցերը։,平日時刻表已更新。,평일 일정이 업데이트되었습니다.,平日のスケジュールが更新されました。,Обновлены расписания на будние дни.,Lịch trình các ngày thường trong tuần đã được cập nhật.,Improve reliability.,Mejorar la fiabilidad.,Բարելավել հուսալիությունը:,提升可靠性。,안정성을 개선합니다.,信頼の向上に努めます。,Повысить надежность.,Cải thiện độ tin cậy.
81,244,Weekday schedules have been updated.,Improve reliability.,,Weekday schedules have been updated.,Se actualizaron los horarios entre semana.,Թարմացվել են աշխատանքային օրերերի ժամանակացույցերը։,平日時刻表已更新。,평일 일정이 업데이트되었습니다.,平日のスケジュールが更新されました。,Обновлены расписания на будние дни.,Lịch trình các ngày thường trong tuần đã được cập nhật.,Improve reliability.,Mejorar la fiabilidad.,Բարելավել հուսալիությունը:,提升可靠性。,안정성을 개선합니다.,信頼の向上に努めます。,Повысить надежность.,Cải thiện độ tin cậy.
82,246,"Weekday, Saturday, and Sunday schedules have been updated.",Improve reliability.,,"Weekday, Saturday, and Sunday schedules have been updated.",Se actualizaron los horarios entre semana y de los días sábados y domingos.,"Թարմացվել են աշխատանքային, շաբաթ և կիրակի օրերերի ժամանակացույցերը։",平日、週六和週日時刻表已更新。,"평일 및 토요일, 일요일 일정이 업데이트되었습니다.",平日、土曜日、日曜日のスケジュールが更新されました。,"Обновлены расписания на будние дни, субботы и воскресенья.","Lịch trình các ngày thường trong tuần, Thứ Bảy và Chủ Nhật đã được cập nhật.",Improve reliability.,Mejorar la fiabilidad.,Բարելավել հուսալիությունը:,提升可靠性。,안정성을 개선합니다.,信頼の向上に努めます。,Повысить надежность.,Cải thiện độ tin cậy.
83,251,More frequent Line 251 weekday service to Eagle Rock. Adjusted frequences on other segments.,Respond to rider requests for more service to Eagle Rock. Align service to ridership levels and NextGen Bus Plan.,,More frequent Line 251 weekday service to Eagle Rock. Adjusted frequences on other segments.,El servicio de la Line 251 hacia Eagle Rock es más frecuente entre semana. Frecuencias ajustadas en otros segmentos.,Ավելի հաճախակի Line 251-ի աշխատանքային օրերի սպասարկումը դեպի Eagle Rock: Ճշգրտված հաճախականություններն այլ հատվածներում:,Line 251平日往Eagle Rock的班次更頻繁。已調整其他區段的班次頻率。,Eagle Rock 방면 Line 251의 주중 서비스가 증편됩니다. 다른 구간의 배차 간격이 조정되었습니다.,Eagle Rock行きのLine 251は、平日はより頻繁に運行されるようになります。他の区間への運行頻度は調整されます。,Будут чаще курсировать рейсы по маршруту Line 251 в будние дни до Eagle Rock. Скорректирована частота движения на других участках.,Line 251 gia tăng tần suất phục vụ vào các ngày thường trong tuần đến Eagle Rock. Đã điều chỉnh tần suất trên các đoạn khác.,Respond to rider requests for more service to Eagle Rock. Align service to ridership levels and NextGen Bus Plan.,Responder las peticiones de los pasajeros para mejorar el servicio hacia Eagle Rock. Alineación del servicio con los niveles de pasajeros y con el Plan de Autobuses NextGen.,Պատասխանել դեպի Eagle Rock-ը ավելի շատ սպասարկման համար ուղևորների հարցումներին: Համապատասխանեցնել սպասարկումը ուղևորության մակարդակներին և NextGen ավտոբուսի պլանին:,應乘客要求提供更多往Eagle Rock的服務。服務將搭配載客量和NextGen巴士計劃。,Eagle Rock 방면의 서비스 증편 요청에 대응합니다. 승객 수와 차세대 버스 플랜에 따라 서비스를 조정합니다.,Eagle Rock方面へのサービスを拡充して欲しいという利用者の要望に応えます。利用者数やNextGenバスプランに合わせたサービスを提供します。,Удовлетворить запросы пассажиров касательно улучшения обслуживания в Eagle Rock. Привести обслуживание в соответствие с потоком пассажиров и планом автобусных перевозок нового поколения.,Đáp ứng yêu cầu của hành khách về việc gia tăng tần suất phục vụ đến Eagle Rock. Điều chỉnh dịch vụ cho phù hợp với lượng hành khách và Kế Hoạch Xe Buýt NextGen.
84,251,"Weekday, Saturday, and Sunday schedules have been updated.",Improve reliability.,,"Weekday, Saturday, and Sunday schedules have been updated.",Se actualizaron los horarios entre semana y de los días sábados y domingos.,"Թարմացվել են աշխատանքային, շաբաթ և կիրակի օրերերի ժամանակացույցերը։",平日、週六和週日時刻表已更新。,"평일 및 토요일, 일요일 일정이 업데이트되었습니다.",平日、土曜日、日曜日のスケジュールが更新されました。,"Обновлены расписания на будние дни, субботы и воскресенья.","Lịch trình các ngày thường trong tuần, Thứ Bảy và Chủ Nhật đã được cập nhật.",Improve reliability.,Mejorar la fiabilidad.,Բարելավել հուսալիությունը:,提升可靠性。,안정성을 개선합니다.,信頼の向上に努めます。,Повысить надежность.,Cải thiện độ tin cậy.
85,256,"The Line 256 will operate the current route between Pasadena (Sierra Madre Villa Station) and Highland Park Station. The low ridership segment of Line 256 between Highland Park Station and Rose Hill Transit Center via Collis Av will be discontinued, with Metro Micro ridershare service available in this area.  Line 665 will extend north from CalState LA to Rose Hill Transit Center with expanded hours of service, replacing Line 256 in this area.",Focus on serving the Pasadena - Highland Park segment.,Line 256.jpg,"The Line 256 will operate the current route between Pasadena (Sierra Madre Villa Station) and Highland Park Station. The low ridership segment of Line 256 between Highland Park Station and Rose Hill Transit Center via Collis Av will be discontinued, with Metro Micro ridershare service available in this area.  Line 665 will extend north from CalState LA to Rose Hill Transit Center with expanded hours of service, replacing Line 256 in this area.","La Line 256 operará en la ruta actual entre Pasadena (Sierra Madre Villa Station) y Highland Park Station. El segmento con baja demanda de usuarios de la Line 256 entre Highland Park Station y Rose Hill Transit Center a través de Collis Av se suspenderá; el servicio de Metro Micro estará disponible en esta zona.  La Line 665 se extenderá hacia el norte, desde CalState LA hasta Rose Hill Transit Center, con un horario de servicio ampliado, lo que sustituirá la Line 256 en esta zona.","Line 256-ը կգործի Pasadena (Sierra Madre Villa Station) և Highland Park Station-ի միջև ընթացիկ երթուղիով: Line 256-ի ցածր երթևեկության հատվածը Highland Park Station-ի և Rose Hill Transit Center-ի միջև Collis Av-ով կդադարեցվի, և այս տարածքում հասանելի կլինի Metro Micro ուղևորների հետ փոխանակման ծառայությունը:  Line 665-ը կերկարացվի հյուսիս CalState LA-ից դեպի Rose Hill Transit Center-ը սպասարկման ընդլայնված ժամերով՝ փոխարինելով այս տարածքում Line 256-ը:",Line 256將行駛Pasadena (Sierra Madre Villa Station) 和Highland Park Station之間的目前路線。Line 256經由Collis Av，在Highland Park Station和Rose Hill Transit Center之間的低載客量區段將停駛，並在該地區提供Metro Micro共乘服務。Line 665將從CalState LA往北延伸至Rose Hill Transit Center，且服務時間延長，以取代該地區的Line 256。,"Line 256은 Pasadena(Sierra Madre Villa Station) 및 Highland Park Station을 오가는 현행 버스 노선대로 운행합니다. Collis Av를 경유하는 Highland Park Station 및 Rose Hill Transit Center를 오가는 Line 256의 승객 수가 적은 구간이 운행 종료되며, 이 지역에서는 Metro Micro 승차 공유 서비스를 이용하실 수 있습니다.  Line 665는 이 지역에서 Line 256을 대신해 CalState LA에서 Rose Hill Transit Center까지 북부 방면으로 확장되며 운행 시간이 연장됩니다.",Line 256は、Pasadena（Sierra Madre Villa Station）とHighland Park Stationの間の現行路線を運行します。Line 256の、Highland Park StationからCollis Av経由のRose Hill Transit Center間で利用者数の少ない区間は廃止されますが、この地域ではMetro Microライダーシェアサービスを利用できます。Line 665は、Line 256に代わり、CalState LAからRose Hill Transit Centerまで北上し、運行時間が延長されます。,"Маршрут Line 256 будет работать по текущему маршруту между Pasadena (станция Sierra Madre Villa Station) и станцией Highland Park Station. Участок маршрута Line 256 с низкой загруженностью между станцией Highland Park Station и транзитным центром Rose Hill Transit Center через улицу Collis Av прекратит функционировать, на этом участке будет действовать сервис совместных поездок Metro Micro. Маршрут Line 665 будет продлен на север от CalState LA до транзитного центра Rose Hill Transit Center и будет работать дольше, заменив маршрут Line 256 в этом районе.","Line 256 sẽ chạy lộ trình hiện tại giữa Pasadena (Sierra Madre Villa Station) và Highland Park Station. Đoạn có lượng hành khách thấp trên Line 256 giữa Highland Park Station và Rose Hill Transit Center qua Collis Av sẽ ngừng hoạt động, đồng thời dịch vụ đi chung xe Metro Micro sẽ phục vụ khu vực này.  Line 665 sẽ mở rộng ra phía bắc từ CalState LA đến Rose Hill Transit Center với giờ phục vụ được kéo dài, thay thế Line 256 ở khu vực này.",Focus on serving the Pasadena - Highland Park segment.,Enfocarse en dar servicio en el segmento de Pasadena a Highland Park.,Կենտրանալ Pasadena - Highland Park հատվածը սպասարկելու վրա:,集中服務Pasadena - Highland Park區段。,Pasadena - Highland Park 구간에 서비스를 제공하는 데 초점을 맞춥니다.,Pasadena - Highland Park区間の運行に注力します。,Сосредоточиться на обслуживании участка Pasadena — Highland Park.,Tập trung phục vụ đoạn Pasadena - Highland Park.
86,256,"Weekday, Saturday, and Sunday schedules have been updated.",Improve reliability.,,"Weekday, Saturday, and Sunday schedules have been updated.",Se actualizaron los horarios entre semana y de los días sábados y domingos.,"Թարմացվել են աշխատանքային, շաբաթ և կիրակի օրերերի ժամանակացույցերը։",平日、週六和週日時刻表已更新。,"평일 및 토요일, 일요일 일정이 업데이트되었습니다.",平日、土曜日、日曜日のスケジュールが更新されました。,"Обновлены расписания на будние дни, субботы и воскресенья.","Lịch trình các ngày thường trong tuần, Thứ Bảy và Chủ Nhật đã được cập nhật.",Improve reliability.,Mejorar la fiabilidad.,Բարելավել հուսալիությունը:,提升可靠性。,안정성을 개선합니다.,信頼の向上に努めます。,Повысить надежность.,Cải thiện độ tin cậy.
87,258,"At the CalState LA Transit Center, Line 258 will be reassigned to Bay 2, sharing this bay with Line 665.",This change will accommodate the much requested extension of Montebello Bus Line 10 to CalState LA.,Line 258.jpg,"At the CalState LA Transit Center, Line 258 will be reassigned to Bay 2, sharing this bay with Line 665.","En CalState LA Transit Center, la Line 258 se reasignará al andén 2, el cual compartirá con la Line 665.",CalState LA Transit Center-ում Line 258-ը կհատկացվի Bay 2-ին՝ համատեղելով այն Line 665-ի հետ:,在CalState LA Transit Center，Line 258將重新指派到Bay 2，與Line 665共用停靠站。,CalState LA Transit Center에서 Line 258이 Bay 2로 다시 지정되어 해당 베이를 Line 655와 공유하게 됩니다.,Line 258のCalState LA Transit Centerでの発着所はBay 2に変更されます。この発着所は、Line 665と同じ場所です。,В транзитном центре CalState LA Transit Center маршрут Line 258 будет переведен на участок Bay 2 и будет делить этот участок с маршрутом Line 665.,"Tại CalState LA Transit Center, Line 258 sẽ được điều chuyển sang Sân Ga 2, sử dụng chung sân ga này với Line 665.",This change will accommodate the much requested extension of Montebello Bus Line 10 to CalState LA.,Este cambio admitirá la tan solicitada extensión de la Línea 10 de Montebello Bus a CalState LA.,Այս փոփոխությունը կհամապատասխանի մեծ պահանջարկ ունեցող Montebello Bus Line 10-ից մինչև CalState LA-ը երթուղու երկարացմանը:,此變更將納入多人的要求，將Montebello Bus Line 10延伸至CalState LA。,이 변경 사항으로 Montebello Bus Line 10의 CalState LA행 연장에 대한 많은 요청을 수용하게 됩니다.,この変更は、利用者からの要望が多かったMontebello Bus Line 10のCalState LAへの延伸に対応するものです。,Это изменение позволит продлить автобусный маршрут Line 10 в Montebello до CalState LA.,Thay đổi này sẽ đáp ứng yêu cầu của nhiều người về việc mở rộng Montebello Bus Line 10 đến CalState LA.
88,260,Weekday schedules have been updated.,Improve reliability.,,Weekday schedules have been updated.,Se actualizaron los horarios entre semana.,Թարմացվել են աշխատանքային օրերերի ժամանակացույցերը։,平日時刻表已更新。,평일 일정이 업데이트되었습니다.,平日のスケジュールが更新されました。,Обновлены расписания на будние дни.,Lịch trình các ngày thường trong tuần đã được cập nhật.,Improve reliability.,Mejorar la fiabilidad.,Բարելավել հուսալիությունը:,提升可靠性。,안정성을 개선합니다.,信頼の向上に努めます。,Повысить надежность.,Cải thiện độ tin cậy.
89,267,"Line 267 will extend north from Del Mar Station to Raymond & Walnut to connect with Lines 180, 256, LADOT Commuter Express 549, and the Memorial Park Station.",Respond to rider requests for improved connections between Line 267 and other bus lines at Pasadena.,Line 267.jpg,"Line 267 will extend north from Del Mar Station to Raymond & Walnut to connect with Lines 180, 256, LADOT Commuter Express 549, and the Memorial Park Station.","La Line 267 se extenderá hacia el norte desde Del Mar Station hasta Raymond & Walnut para conectar con la Line 180, la Line 256, Commuter Express 549 del Departamento de Transporte de Los Ángeles (Los Angeles Department of Transportation, LADOT) y Memorial Park Station.","Line 267-ը կձգվի դեպի հյուսիս Del Mar Station-ից դեպի Raymond & Walnut-ը՝ 180, 256, LADOT Commuter Express 549 և Memorial Park Station-ը կապելու համար:",Line 267將從Del Mar Station往北延伸至Raymond & Walnut，以便與Line 180、Line 256、LADOT Commuter Express 549和Memorial Park Station連接。,"Line 267은 Line 180, 256, LADOT Commuter Express 549 및 Memorial Park Station과 연결되도록 Del Mar Station에서 Raymond & Walnut까지 북부 방면으로 연장됩니다.",Line 267は、Del Mar StationからRaymond & Walnutまで北上し、Line 180、Line 256、LADOT Commuter Express 549、およびMemorial Park Stationと接続できるようになります。,"Маршрут Line 267 будет продлен на север от станции Del Mar до Raymond & Walnut для сообщения с маршрутами Line 180, 256, LADOT Commuter Express 549 и станцией Memorial Park.","Line 267 sẽ mở rộng ra phía bắc từ Del Mar Station đến Raymond & Walnut để kết nối với Line 180, 256, LADOT Commuter Express 549 và Memorial Park Station.",Respond to rider requests for improved connections between Line 267 and other bus lines at Pasadena.,Responder las peticiones de los pasajeros para mejorar las conexiones entre la Línea 267 y otras líneas de autobús en Pasadena.,Պատասխանել ուղևորների պահանջներին՝ Line 267-ի և Pasadena-ում այլ ավտոբուսային գծերի միջև կապեր բարելավվելու համար:,應乘客要求改善Line 267和Pasadena其他巴士路線之間的連接。,Line 267과 Pasadena의 다른 버스 노선 간 연계성을 개선해 달라는 승객의 요청에 대응합니다.,PasadenaでのLine 267と他の線との接続を改善して欲しいという利用者の要望に応えます。,Удовлетворить запросы пассажиров касательно улучшения сообщения между маршрутом Line 267 и другими автобусными маршрутами в Pasadena.,Đáp ứng yêu cầu của hành khách về việc cải thiện kết nối giữa Line 267 và các tuyến xe buýt khác tại Pasadena.
90,267,"Weekday, Saturday, and Sunday schedules have been updated.",Improve reliability.,,"Weekday, Saturday, and Sunday schedules have been updated.",Se actualizaron los horarios entre semana y de los días sábados y domingos.,"Թարմացվել են աշխատանքային, շաբաթ և կիրակի օրերերի ժամանակացույցերը։",平日、週六和週日時刻表已更新。,"평일 및 토요일, 일요일 일정이 업데이트되었습니다.",平日、土曜日、日曜日のスケジュールが更新されました。,"Обновлены расписания на будние дни, субботы и воскресенья.","Lịch trình các ngày thường trong tuần, Thứ Bảy và Chủ Nhật đã được cập nhật.",Improve reliability.,Mejorar la fiabilidad.,Բարելավել հուսալիությունը:,提升可靠性。,안정성을 개선합니다.,信頼の向上に努めます。,Повысить надежность.,Cải thiện độ tin cậy.
91,344,Weekday schedules have been updated.,Improve reliability.,,Weekday schedules have been updated.,Se actualizaron los horarios entre semana.,Թարմացվել են աշխատանքային օրերերի ժամանակացույցերը։,平日時刻表已更新。,평일 일정이 업데이트되었습니다.,平日のスケジュールが更新されました。,Обновлены расписания на будние дни.,Lịch trình các ngày thường trong tuần đã được cập nhật.,Improve reliability.,Mejorar la fiabilidad.,Բարելավել հուսալիությունը:,提升可靠性。,안정성을 개선합니다.,信頼の向上に努めます。,Повысить надежность.,Cải thiện độ tin cậy.
92,460,Sunday schedules have been updated.,Improve reliability.,,Sunday schedules have been updated.,Se actualizaron los horarios de los domingos.,Թարմացվել են կիրակի օրերի ժամանակացույցերը։,週日時刻表已更新。,일요일 일정이 업데이트되었습니다.,日曜日のスケジュールが更新されました。,Обновлено расписание на воскресенье.,Lịch trình Chủ Nhật đã được cập nhật.,Improve reliability.,Mejorar la fiabilidad.,Բարելավել հուսալիությունը:,提升可靠性。,안정성을 개선합니다.,信頼の向上に努めます。,Повысить надежность.,Cải thiện độ tin cậy.
93,501,"Weekday, Saturday, and Sunday schedules have been updated.",Improve reliability.,,"Weekday, Saturday, and Sunday schedules have been updated.",Se actualizaron los horarios entre semana y de los días sábados y domingos.,"Թարմացվել են աշխատանքային, շաբաթ և կիրակի օրերերի ժամանակացույցերը։",平日、週六和週日時刻表已更新。,"평일 및 토요일, 일요일 일정이 업데이트되었습니다.",平日、土曜日、日曜日のスケジュールが更新されました。,"Обновлены расписания на будние дни, субботы и воскресенья.","Lịch trình các ngày thường trong tuần, Thứ Bảy và Chủ Nhật đã được cập nhật.",Improve reliability.,Mejorar la fiabilidad.,Բարելավել հուսալիությունը:,提升可靠性。,안정성을 개선합니다.,信頼の向上に努めます。,Повысить надежность.,Cải thiện độ tin cậy.
94,550,"Schedule changes to Line 550 to improve connections with Lines 205, 246.","Respond to rider requests for improved connections between Line 550 and Lines 205, 246 at Harbor Gateway Transit Center.",,"Schedule changes to Line 550 to improve connections with Lines 205, 246.",Cambios en los horarios de la Line 550 para mejorar las conexiones con las Line 205 y Line 246.,"Ժամանակացույցը փոխոխվեկ է Line 550-ում՝ Lines 205-ի, 246-ի հետ կապերը լավացնելու համար:",Line 550的時刻表有所更動，以改善與Line 205和Line 246的連接。,"Line 550의 일정이 변경되어 Line 205, 246의 연계성이 개선됩니다.",Line 550の運行スケジュールが変更され、Line 205、Line 246に接続しやすくなりました。,Внесены изменения в расписании маршрута Line 550 для улучшения сообщения с маршрутами Line 205 и 246.,Thay đổi lịch trình Line 550 để cải thiện kết nối với Line 205 và 246.,"Respond to rider requests for improved connections between Line 550 and Lines 205, 246 at Harbor Gateway Transit Center.","Responder las peticiones de los pasajeros para mejorar las conexiones entre las líneas 550, 205 y 246 en Harbor Gateway Transit Center.","Պատասխանել Harbor Gateway Transit Center-ում Line 550-ի և Lines 205, 246 միջև բարելավված կապերի վերաբերյալ ուղևորների պահանջներին:",應乘客要求改善Line 550和Harbor Gateway Transit Center的Line 205、Line 246之間的連接。,"Harbor Gateway Transit Center의 Line 550 및 Lines 205, 246 간 연계성을 개선해 달라는 승객의 요청에 대응합니다.",Harbor Gateway Transit CenterでのLine 550とLine 205、Line 246との接続を改善して欲しいという利用者の要望に応えます。,"Удовлетворить запросы пассажиров касательно улучшения сообщения между маршрутом Line 550 и маршрутами Line 205, 246 в транзитном центре Harbor Gateway Transit Center.","Đáp ứng yêu cầu của hành khách về việc cải thiện kết nối giữa Line 550 và Line 205, 246 tại Harbor Gateway Transit Center."
95,602,"Minor timing changes, please check schedule.",,,"Minor timing changes, please check schedule.","Minor timing changes, please check schedule.","Minor timing changes, please check schedule.","Minor timing changes, please check schedule.","Minor timing changes, please check schedule.","Minor timing changes, please check schedule.","Minor timing changes, please check schedule.","Minor timing changes, please check schedule.",Improve reliability.,Mejorar la fiabilidad.,Բարելավել հուսալիությունը:,提升可靠性。,안정성을 개선합니다.,信頼の向上に努めます。,Повысить надежность.,Cải thiện độ tin cậy.
96,665,"Line 665 extended north from Cal State LA to Rose Hill Transit Center via Eastern Av, with expanded hours of service and a new southern terminus at the market at Calada St/Olympic Bl.",Respond to rider requests for improved connections between East LA and El Sereno.,Line 665.jpg,"Line 665 extended north from Cal State LA to Rose Hill Transit Center via Eastern Av, with expanded hours of service and a new southern terminus at the market at Calada St/Olympic Bl.","La Line 665 se extenderá hacia el norte desde Cal State LA hasta Rose Hill Transit Center a través de Eastern Av, con un horario de servicio ampliado y una nueva terminal sur en el mercado de Calada St/Olympic Bl.",Line 665-ը երկարաձգվեց դեպի հյուսիս Cal State LA-ից դեպի Rose Hill Transit Center-ը Eastern Av-ի միջով՝ սպասարկման ընդլայնված ժամերով և նոր հարավային վերջնակետով՝ Calada St/Olympic Bl-ի շուկայում:,Line 665已從Cal State LA經由Eastern Av往北延伸至Rose Hill Transit Center，服務時間增加，並在Calada St/Olympic Bl的市場設立新的終點站。,"Line 665는 Eastern Av를 경유해 Cal State LA에서 Rose Hill Transit Center의 북부 방면으로 확장되며, 서비스 운행 시간을 연장하고, Calada St/Olympic Bl 마켓에 새로운 남쪽 방면의 종점이 생깁니다.",Line 665は北に延伸し、Cal State LAからEastern Avを経由してRose Hill Transit Centerまで運行するようになりました。運行時間も拡大し、南行きの新しい終点をCalada St/Olympic Blのマーケットに新設しました。,"Маршрут Line 665 продлен на север от Cal State LA до транзитного центра Rose Hill Transit Center через улицу Eastern Av, часы курсирования продлены, и появилась новая южная конечная остановка на рынке на улице Calada St/Olympic Bl.","Line 665 mở rộng ra phía bắc từ Cal State LA đến Rose Hill Transit Center qua Eastern Av, với giờ phục vụ được kéo dài và một ga cuối mới về phía nam nằm ở khu chợ tại Calada St/Olympic Bl.",Respond to rider requests for improved connections between East LA and El Sereno.,Responder las peticiones de los pasajeros para mejorar las conexiones entre East LA y El Sereno.,Արձագանքել ուղևորների պահանջներին՝ բարելավվելով կապեր East LA-ի և El Sereno-ի միջև:,應乘客要求改善East LA和El Sereno之間的連接。,East LA와 El Sereno 간 연계성을 개선해 달라는 승객의 요청에 대응합니다.,East LAとEl Serenoとの接続を改善して欲しいという利用者の要望に応えます。,Удовлетворить запросы пассажиров касательно улучшения сообщения между East LA и El Sereno.,Đáp ứng yêu cầu của hành khách về việc cải thiện kết nối giữa East LA và El Sereno.
97,665,Line 665 will establish a new southern terminus at the market at Calada St/Olympic Bl,Align with ridership levels.,,Line 665 will establish a new southern terminus at the market at Calada St/Olympic Bl,La Line 665 establecerá una nueva terminal sur en el mercado de Calada St/Olympic Bl.,Line 665-ը կստեղծի նոր հարավային վերջնականգառ շուկայում Calada St/Olympic Bl-ում:,Line 665將在Calada St/Olympic Bl的市場設立新的南向終點站,Line 665는 Calada St/Olympic Bl의 마켓에 새로운 남쪽 방면의 종점을 설치합니다,Line 665では、Calada St/Olympic Blのマーケットに終点が新設されます。,Маршрут Line 665 будет иметь новую южную конечную остановку на рынке на улице Calada St/Olympic Bl.,Một ga cuối mới ở phía nam sẽ được thiết lập cho Line 665 tại khu chợ ở Calada St/Olympic Bl,Align with ridership levels.,Alineación con los niveles de pasajeros.,Հարմարեցնել ուղեվորությունների մակարդակների հետ:,與載客量配合。,승객 수에 맞춰 조정합니다.,利用者数に合わせたサービスを提供します。,Привести обслуживание в соответствие с потоком пассажиров.,Điều chỉnh cho phù hợp với lượng hành khách.
98,720,"Weekday, Saturday, and Sunday schedules have been updated.",Improve reliability.,,"Weekday, Saturday, and Sunday schedules have been updated.",Se actualizaron los horarios entre semana y de los días sábados y domingos.,"Թարմացվել են աշխատանքային, շաբաթ և կիրակի օրերերի ժամանակացույցերը։",平日、週六和週日時刻表已更新。,"평일 및 토요일, 일요일 일정이 업데이트되었습니다.",平日、土曜日、日曜日のスケジュールが更新されました。,"Обновлены расписания на будние дни, субботы и воскресенья.","Lịch trình các ngày thường trong tuần, Thứ Bảy và Chủ Nhật đã được cập nhật.",Improve reliability.,Mejorar la fiabilidad.,Բարելավել հուսալիությունը:,提升可靠性。,안정성을 개선합니다.,信頼の向上に努めます。,Повысить надежность.,Cải thiện độ tin cậy.
99,754,"Minor timing changes, please check schedule.",Improve reliability.,,"Minor timing changes, please check schedule.","Minor timing changes, please check schedule.","Minor timing changes, please check schedule.","Minor timing changes, please check schedule.","Minor timing changes, please check schedule.","Minor timing changes, please check schedule.","Minor timing changes, please check schedule.","Minor timing changes, please check schedule.",Improve reliability.,Mejorar la fiabilidad.,Բարելավել հուսալիությունը:,提升可靠性。,안정성을 개선합니다.,信頼の向上に努めます。,Повысить надежность.,Cải thiện độ tin cậy.
100,761,Weekday schedules have been updated.,Improve reliability.,,Weekday schedules have been updated.,Se actualizaron los horarios entre semana.,Թարմացվել են աշխատանքային օրերերի ժամանակացույցերը։,平日時刻表已更新。,평일 일정이 업데이트되었습니다.,平日のスケジュールが更新されました。,Обновлены расписания на будние дни.,Lịch trình các ngày thường trong tuần đã được cập nhật.,Improve reliability.,Mejorar la fiabilidad.,Բարելավել հուսալիությունը:,提升可靠性。,안정성을 개선합니다.,信頼の向上に努めます。,Повысить надежность.,Cải thiện độ tin cậy.
101,802,"Minor timing changes, please check schedule.",Improve reliability.,,"Minor timing changes, please check schedule.","Minor timing changes, please check schedule.","Minor timing changes, please check schedule.","Minor timing changes, please check schedule.","Minor timing changes, please check schedule.","Minor timing changes, please check schedule.","Minor timing changes, please check schedule.","Minor timing changes, please check schedule.",Improve reliability.,Mejorar la fiabilidad.,Բարելավել հուսալիությունը:,提升可靠性。,안정성을 개선합니다.,信頼の向上に努めます。,Повысить надежность.,Cải thiện độ tin cậy.
102,807,"Minor timing changes, please check schedule.",Improve reliability.,,"Minor timing changes, please check schedule.","Minor timing changes, please check schedule.","Minor timing changes, please check schedule.","Minor timing changes, please check schedule.","Minor timing changes, please check schedule.","Minor timing changes, please check schedule.","Minor timing changes, please check schedule.","Minor timing changes, please check schedule.",Improve reliability.,Mejorar la fiabilidad.,Բարելավել հուսալիությունը:,提升可靠性。,안정성을 개선합니다.,信頼の向上に努めます。,Повысить надежность.,Cải thiện độ tin cậy.
103,854,The L Line Shuttle between LA Union Station and Pico Aliso Station will cease operation.,This shuttle bus was established while the L Line was shortened due to Regional Connector construction. This shuttle is no longer required with the opening of Regional Connector.,,The L Line Shuttle between LA Union Station and Pico Aliso Station will cease operation.,El autobús de enlace de la L Line entre LA Union Station y Pico Aliso Station dejará de funcionar.,LA Union Station-ի և Pico Aliso Station-ի միջև L Line Shuttle-ը կդադարեցնի աշխատանքը:,LA Union Station和Pico Aliso Station之間的L Line Shuttle將停止營運。,LA Union Station 및 Pico Aliso Station을 오가는 L Line 셔틀은 운행을 중단합니다.,LA Union StationとPico Aliso Station間のL Line Shuttleは廃止されます。,Маршрутное такси по L Line между станцией LA Union Station и станцией Pico Aliso прекращает свою работу.,Xe Buýt Tuyến Ngắn L Line giữa LA Union Station và Pico Aliso Station sẽ ngừng hoạt động.,This shuttle bus was established while the L Line was shortened due to Regional Connector construction. This shuttle is no longer required with the opening of Regional Connector.,Se estableció el servicio de este autobús de enlace mientras se acortaba la L Line debido a la construcción del Regional Connector. Este servicio ya no es necesario con la apertura del Regional Connector.,"Այս մաքոքային ավտոբուսը ստեղծվել է այն ժամանակ, երբ L Line-ը կրճատվել է Regional Connector-ի կառուցման պատճառով: Regional Connector-ի բացման դեպքում այս մաքոքն այլևս չի պահանջվի:",此接駁巴士是L Line因為Regional Connector工程而縮短時所設立。隨著Regional Connector開始運作，已不再需要此接駁巴士。,이 셔틀 버스는 Regional Connector 건설로 L Line이 단축되며 개설되었습니다. 지역 커넥터(Regional Connector)가 개통되면 이 셔틀은 더 이상 필요하지 않습니다.,このシャトルバスは、Regional Connectorの工事に伴いL Lineが短縮されるために用意されました。Regional Connectorのオープン後は、シャトルバスは不要になります。,"Этот автобусный маршрут был создан, когда L Line была укорочена из-за строительства Regional Connector. После открытия Regional Connector необходимость в этом маршруте отпала.",Xe buýt tuyến ngắn này được thiết lập khi L Line bị rút ngắn lộ trình do hoạt động xây dựng Regional Connector. Không còn cần đến xe buýt tuyến ngắn này vì Regional Connector đã được khai thông.
104,857,"Minor timing changes, please check schedule.",Improve reliability.,,"Minor timing changes, please check schedule.","Minor timing changes, please check schedule.","Minor timing changes, please check schedule.","Minor timing changes, please check schedule.","Minor timing changes, please check schedule.","Minor timing changes, please check schedule.","Minor timing changes, please check schedule.","Minor timing changes, please check schedule.",Improve reliability.,Mejorar la fiabilidad.,Բարելավել հուսալիությունը:,提升可靠性。,안정성을 개선합니다.,信頼の向上に努めます。,Повысить надежность.,Cải thiện độ tin cậy.
105,901,"Weekday, Saturday, and Sunday schedules have been updated.",Improve reliability.,,"Weekday, Saturday, and Sunday schedules have been updated.",Se actualizaron los horarios entre semana y de los días sábados y domingos.,"Թարմացվել են աշխատանքային, շաբաթ և կիրակի օրերերի ժամանակացույցերը։",平日、週六和週日時刻表已更新。,"평일 및 토요일, 일요일 일정이 업데이트되었습니다.",平日、土曜日、日曜日のスケジュールが更新されました。,"Обновлены расписания на будние дни, субботы и воскресенья.","Lịch trình các ngày thường trong tuần, Thứ Bảy và Chủ Nhật đã được cập nhật.",Improve reliability.,Mejorar la fiabilidad.,Բարելավել հուսալիությունը:,提升可靠性。,안정성을 개선합니다.,信頼の向上に努めます。,Повысить надежность.,Cải thiện độ tin cậy.
106,910,"Additional Line 910 trip added early morning on weekends, northbound from Harbor Gateway Transit Center.",Respond to rider requests for an additional early morning on trip on weekends and a more convenient connection with the northbound Line 246 at Harbor Gateway Transit Center.,,"Additional Line 910 trip added early morning on weekends, northbound from Harbor Gateway Transit Center.","Se agrega un viaje adicional de Line 910 a primera hora de la mañana los fines de semana, con dirección al norte desde Harbor Gateway Transit Center.",Լրացուցիչ Line 910 ուղևորություն ավելացվել է վաղ առավոտյան հանգստյան օրերին՝ Harbor Gateway Transit Center-ից դեպի հյուսիս:,週末早上已新增額外的Line 910班次，從Harbor Gateway Transit Center北向。,Harbor Gateway Transit Center 북쪽 방면으로 주말 이른 아침 시간의 Line 910 운행편이 추가되었습니다.,Line 910のHarbor Gateway Transit Centerから北行きの路線は、週末の早朝の時間帯に追加の便を運航します。,Добавлен дополнительный рейс по маршруту Line 910 для поездок рано утром по выходным в северном направлении от транзитного центра Harbor Gateway Transit Center.,"Line 910 đã bổ sung thêm chuyến vào sáng sớm các ngày cuối tuần, về phía bắc từ Harbor Gateway Transit Center.",Respond to rider requests for an additional early morning on trip on weekends and a more convenient connection with the northbound Line 246 at Harbor Gateway Transit Center.,Responder las peticiones de los pasajeros de un viaje adicional a primera hora de la mañana los fines de semana y de una conexión más conveniente con la Línea 246 con dirección al norte en Harbor Gateway Transit Center.,Պատասխանել ուղևորների խնդրանքներին Harbor Gateway Transit Center-ում հյուսիսային հատվածում Line 246-ի հետ հանգստյան օրերին երթևեկության ժամանակ լրացուցիչ վաղ առավոտյան և ավելի հարմար կապի վերաբերյալ:,應乘客要求增加週末早晨的班次，且與Harbor Gateway Transit Center的北向Line 246連接更便利。,주말 이른 오전의 추가 운행편에 대한 승객의 요청에 대응하고 Harbor Gateway Transit Center의 Line 246 남부 방면과의 편리한 연계성을 꾀합니다.,Harbor Gateway Transit Centerでの週末の早朝便の追加や、北行きのLine 246との接続の利便性を改善して欲しいという利用者の要望に応えます。,Удовлетворить запросы пассажиров касательно дополнительных рейсов рано утром по выходным и более удобной пересадки на северный маршрут Line 246 в транзитном центре Harbor Gateway Transit Center.,Đáp ứng yêu cầu của hành khách về việc bổ sung thêm một chuyến vào sáng sớm các ngày cuối tuần và kết nối thuận tiện hơn với Line 246 về phía bắc tại Harbor Gateway Transit Center.
107,910,"Minor weekday, Saturday, and Sunday frequency changes, please check schedule.",Align with ridership levels.,,"Minor weekday, Saturday, and Sunday frequency changes, please check schedule.","Para conocer los cambios menores sobre la frecuencia entre semana y los días sábados y domingos, consulte el horario.","Աշխատանքային, շաբաթ և կիրակի օրերին կան հաճախականությունների փոքր փոփոխություններ, խնդրում ենք ստուգել ժամանակացույցը:",平日、週六和週日班次頻率有小幅變動，請查看時刻表。,"주중, 토요일 및 일요일 운행 간격이 다소 조정되었으므로 일정을 확인해 주십시오.",平日と週末は、まれに運行頻度が変わる場合がありますので、スケジュールを確認するようにしてください。,"Возможны незначительные изменения частоты движения в будние дни, субботу и воскресенье, уточняйте расписание.","Thay đổi nhỏ về tần suất vào các ngày thường trong tuần, Thứ Bảy và Chủ Nhật, vui lòng kiểm tra lịch trình.",Align with ridership levels.,Alineación con los niveles de pasajeros.,Հարմարեցնել ուղեվորությունների մակարդակների հետ:,與載客量配合。,승객 수에 맞춰 조정합니다.,利用者数に合わせたサービスを提供します。,Привести обслуживание в соответствие с потоком пассажиров.,Điều chỉnh cho phù hợp với lượng hành khách.
